sample,oldName,ID,region,bank,site,date,species,latDD,longDD,depthFt,depthM,depthZone
MGM001,MGB001,MGM001,NWGOM,Geyer,GBMeso1,5/16/23,M. cavernosa,27.84753,-93.06443,158,48.2,Mesophotic
MGM002.1,MGB002,MGM002,NWGOM,Geyer,GBMeso1,5/16/23,M. cavernosa,27.84753,-93.06443,155,47.2,Mesophotic
MGM002.2,MGB002.2,MGM002,NWGOM,Geyer,GBMeso1,5/16/23,M. cavernosa,27.84753,-93.06443,155,47.2,Mesophotic
MGM002.3,MGB002.3,MGM002,NWGOM,Geyer,GBMeso1,5/16/23,M. cavernosa,27.84753,-93.06443,155,47.2,Mesophotic
MGM003,MGB003,MGM003,NWGOM,Geyer,GBMeso1,5/16/23,M. cavernosa,27.84753,-93.06443,176,53.6,Mesophotic
MGM004,MGB004,MGM004,NWGOM,Geyer,GBMeso1,5/16/23,M. cavernosa,27.84753,-93.06443,160,48.8,Mesophotic
MGM005,MGB005,MGM005,NWGOM,Geyer,GBMeso1,5/17/23,M. cavernosa,27.84753,-93.06443,155,47.2,Mesophotic
MGM006,MGB006,MGM006,NWGOM,Geyer,GBMeso1,5/17/23,M. cavernosa,27.84753,-93.06443,165,50.3,Mesophotic
MGM007,MGB007,MGM007,NWGOM,Geyer,GBMeso1,5/17/23,M. cavernosa,27.84753,-93.06443,159,48.5,Mesophotic
MGM008.1,MGB008,MGM008,NWGOM,Geyer,GBMeso1,5/17/23,M. cavernosa,27.84753,-93.06443,168,51.2,Mesophotic
MGM008.2,MGB008.2,MGM008,NWGOM,Geyer,GBMeso1,5/17/23,M. cavernosa,27.84753,-93.06443,168,51.2,Mesophotic
MGM008.3,MGB008.3,MGM008,NWGOM,Geyer,GBMeso1,5/17/23,M. cavernosa,27.84753,-93.06443,168,51.2,Mesophotic
MGM009,MGB009,MGM009,NWGOM,Geyer,GBMeso1,5/17/23,M. cavernosa,27.84753,-93.06443,157,47.9,Mesophotic
MGM010,MGB010,MGM010,NWGOM,Geyer,GBMeso1,5/17/23,M. cavernosa,27.84753,-93.06443,155,47.2,Mesophotic
MGM011,MGB011,MGM011,NWGOM,Geyer,GBMeso1,5/18/23,M. cavernosa,27.84753,-93.06443,161,49.1,Mesophotic
MGM012,MGB012,MGM012,NWGOM,Geyer,GBMeso1,5/18/23,M. cavernosa,27.84753,-93.06443,181,55.2,Mesophotic
MGM013.1,MGB013,MGM013,NWGOM,Geyer,GBMeso1,5/18/23,M. cavernosa,27.84753,-93.06443,193,58.8,Mesophotic
MGM013.2,MGB013.2,MGM013,NWGOM,Geyer,GBMeso1,5/18/23,M. cavernosa,27.84753,-93.06443,193,58.8,Mesophotic
MGM013.3,MGB013.3,MGM013,NWGOM,Geyer,GBMeso1,5/18/23,M. cavernosa,27.84753,-93.06443,193,58.8,Mesophotic
MGM014,MGB014,MGM014,NWGOM,Geyer,GBMeso1,5/18/23,M. cavernosa,27.84753,-93.06443,154,46.9,Mesophotic
MGM015,nwgom_001,MGM015,NWGOM,EFGB,EBMeso1,5/3/16,M. cavernosa,27.91102,-93.59668,153,46.6,Mesophotic
MGM016,nwgom_003,MGM016,NWGOM,EFGB,EBMeso1,10/29/15,M. cavernosa,27.91102,-93.59668,155,47.2,Mesophotic
MGM017,nwgom_004,MGM017,NWGOM,EFGB,EBMeso1,10/29/15,M. cavernosa,27.91102,-93.59668,151,46,Mesophotic
MGM018,nwgom_006,MGM018,NWGOM,EFGB,EBMeso1,10/29/15,M. cavernosa,27.91102,-93.59668,153,46.6,Mesophotic
MGM019,nwgom_007,MGM019,NWGOM,EFGB,EBMeso1,9/27/16,M. cavernosa,27.91102,-93.59668,155,47.2,Mesophotic
MGM020,nwgom_008,MGM020,NWGOM,EFGB,EBMeso1,10/29/15,M. cavernosa,27.91102,-93.59668,153,46.6,Mesophotic
MGM021,nwgom_010,MGM021,NWGOM,EFGB,EBMeso1,10/30/15,M. cavernosa,27.91102,-93.59668,148,45.1,Mesophotic
MGM022,nwgom_011,MGM022,NWGOM,EFGB,EBMeso1,10/30/15,M. cavernosa,27.91102,-93.59668,151,46,Mesophotic
MGM023,nwgom_012,MGM023,NWGOM,EFGB,EBMeso1,10/30/15,M. cavernosa,27.91102,-93.59668,151,46,Mesophotic
MGM024.1,nwgom_013,MGM024,NWGOM,EFGB,EBMeso1,10/30/15,M. cavernosa,27.91102,-93.59668,154,46.9,Mesophotic
MGM024.2,nwgom_013.2,MGM024,NWGOM,EFGB,EBMeso1,10/30/15,M. cavernosa,27.91102,-93.59668,154,46.9,Mesophotic
MGM025,nwgom_015,MGM025,NWGOM,EFGB,EBMeso1,10/30/15,M. cavernosa,27.91102,-93.59668,154,46.9,Mesophotic
MGM026,nwgom_016,MGM026,NWGOM,EFGB,EBMeso1,10/30/15,M. cavernosa,27.91102,-93.59668,153,46.6,Mesophotic
MGM027,nwgom_017,MGM027,NWGOM,EFGB,EBMeso1,10/30/15,M. cavernosa,27.91102,-93.59668,150,45.7,Mesophotic
MGM028,nwgom_019,MGM028,NWGOM,EFGB,EBMeso1,10/30/15,M. cavernosa,27.91102,-93.59668,153,46.6,Mesophotic
MGM029,nwgom_020,MGM029,NWGOM,EFGB,EBMeso1,10/30/15,M. cavernosa,27.91102,-93.59668,150,45.7,Mesophotic
MGM030,nwgom_021,MGM030,NWGOM,EFGB,EBMeso1,10/30/15,M. cavernosa,27.91102,-93.59668,148,45.1,Mesophotic
MGM031,nwgom_023,MGM031,NWGOM,EFGB,EBMeso2,8/30/11,M. cavernosa,27.9241,-93.6016,120,36.6,Mesophotic
MGM032,nwgom_024,MGM032,NWGOM,EFGB,EBMeso1,10/29/15,M. cavernosa,27.91102,-93.59668,155,47.2,Mesophotic
MGM033,nwgom_026,MGM033,NWGOM,EFGB,EBMeso2,8/26/11,M. cavernosa,27.9241,-93.6016,120,36.6,Mesophotic
MGM034,nwgom_028,MGM034,NWGOM,EFGB,EBMeso1,10/29/15,M. cavernosa,27.91102,-93.59668,153,46.6,Mesophotic
MGM035,nwgom_030,MGM035,NWGOM,EFGB,EBMeso2,8/30/11,M. cavernosa,27.9241,-93.6016,138,42.1,Mesophotic
MGM036,nwgom_031,MGM036,NWGOM,EFGB,EBShal1,5/4/16,M. cavernosa,27.9114,-93.59821,64,19.5,Shallow
MGM037,nwgom_032,MGM037,NWGOM,EFGB,EBShal1,5/4/16,M. cavernosa,27.9114,-93.59821,66,20.1,Shallow
MGM038.1,nwgom_033,MGM038,NWGOM,EFGB,EBShal1,5/4/16,M. cavernosa,27.9114,-93.59821,67,20.4,Shallow
MGM038.2,nwgom_033.2,MGM038,NWGOM,EFGB,EBShal1,5/4/16,M. cavernosa,27.9114,-93.59821,67,20.4,Shallow
MGM038.3,nwgom_033.3,MGM038,NWGOM,EFGB,EBShal1,5/5/16,M. cavernosa,27.9114,-93.59821,67,20.4,Shallow
MGM039,nwgom_035,MGM039,NWGOM,EFGB,EBShal1,5/4/16,M. cavernosa,27.9114,-93.59821,72,21.9,Shallow
MGM040,nwgom_036,MGM040,NWGOM,EFGB,EBShal1,5/4/16,M. cavernosa,27.9114,-93.59821,74,22.6,Shallow
MGM041,nwgom_037,MGM041,NWGOM,EFGB,EBShal1,10/29/15,M. cavernosa,27.9114,-93.59821,66,20.1,Shallow
MGM042,nwgom_038,MGM042,NWGOM,EFGB,EBShal1,10/29/15,M. cavernosa,27.9114,-93.59821,66,20.1,Shallow
MGM043,nwgom_041,MGM043,NWGOM,EFGB,EBShal1,10/29/15,M. cavernosa,27.9114,-93.59821,70,21.3,Shallow
MGM044,nwgom_042,MGM044,NWGOM,EFGB,EBShal2,10/26/14,M. cavernosa,27.91085,-93.60018,72,21.9,Shallow
MGM045,nwgom_043,MGM045,NWGOM,EFGB,EBShal2,10/26/14,M. cavernosa,27.91085,-93.60018,72,21.9,Shallow
MGM046,nwgom_044,MGM046,NWGOM,EFGB,EBShal2,10/26/14,M. cavernosa,27.91085,-93.60018,70,21.3,Shallow
MGM047,nwgom_045,MGM047,NWGOM,EFGB,EBShal2,10/26/14,M. cavernosa,27.91085,-93.60018,72,21.9,Shallow
MGM048,nwgom_046,MGM048,NWGOM,EFGB,EBShal2,10/26/14,M. cavernosa,27.91085,-93.60018,75,22.9,Shallow
MGM049,nwgom_047,MGM049,NWGOM,EFGB,EBShal3,10/26/14,M. cavernosa,27.90987,-93.60021,74,22.6,Shallow
MGM050,nwgom_048,MGM050,NWGOM,EFGB,EBShal3,10/26/14,M. cavernosa,27.90987,-93.60021,73,22.3,Shallow
MGM051,nwgom_049,MGM051,NWGOM,EFGB,EBShal3,10/26/14,M. cavernosa,27.90987,-93.60021,70,21.3,Shallow
MGM052,nwgom_050,MGM052,NWGOM,EFGB,EBShal3,10/26/14,M. cavernosa,27.90987,-93.60021,71,21.6,Shallow
MGM053,nwgom_051,MGM053,NWGOM,EFGB,EBShal3,10/26/14,M. cavernosa,27.90987,-93.60021,71,21.6,Shallow
MGM054,nwgom_052,MGM054,NWGOM,EFGB,EBShal3,10/26/14,M. cavernosa,27.90987,-93.60021,68,20.7,Shallow
MGM055,nwgom_053,MGM055,NWGOM,EFGB,EBShal4,10/26/14,M. cavernosa,27.90987,-93.59804,65,19.8,Shallow
MGM056,nwgom_054,MGM056,NWGOM,EFGB,EBShal4,10/26/14,M. cavernosa,27.90987,-93.59804,66,20.1,Shallow
MGM057,nwgom_055,MGM057,NWGOM,EFGB,EBShal4,10/26/14,M. cavernosa,27.90987,-93.59804,68,20.7,Shallow
MGM058,nwgom_056,MGM058,NWGOM,EFGB,EBShal4,10/26/14,M. cavernosa,27.90987,-93.59804,66,20.1,Shallow
MGM059,nwgom_058,MGM059,NWGOM,EFGB,EBShal4,10/26/14,M. cavernosa,27.90987,-93.59804,67,20.4,Shallow
MGM060,nwgom_059,MGM060,NWGOM,EFGB,EBShal5,9/10/10,M. cavernosa,27.90956,-93.60139,72,21.9,Shallow
MGM061,nwgom_060,MGM061,NWGOM,EFGB,EBShal6,10/26/14,M. cavernosa,27.91085,-93.60018,74,22.6,Shallow
MGM062,nwgom_062,MGM062,NWGOM,WFGB,WBMeso1,5/4/16,M. cavernosa,27.8751,-93.82035,142,43.3,Mesophotic
MGM063,nwgom_063,MGM063,NWGOM,WFGB,WBMeso1,5/5/16,M. cavernosa,27.8751,-93.82035,140,42.7,Mesophotic
MGM064,nwgom_064,MGM064,NWGOM,WFGB,WBMeso1,5/5/16,M. cavernosa,27.8751,-93.82035,137,41.8,Mesophotic
MGM065,nwgom_065,MGM065,NWGOM,WFGB,WBMeso1,5/5/16,M. cavernosa,27.8751,-93.82035,141,43,Mesophotic
MGM066,nwgom_066,MGM066,NWGOM,WFGB,WBMeso1,5/5/16,M. cavernosa,27.8751,-93.82035,140,42.7,Mesophotic
MGM067,nwgom_067,MGM067,NWGOM,WFGB,WBMeso1,10/28/15,M. cavernosa,27.8751,-93.82035,141,43,Mesophotic
MGM068,nwgom_068,MGM068,NWGOM,WFGB,WBMeso1,10/28/15,M. cavernosa,27.8751,-93.82035,140,42.7,Mesophotic
MGM069,nwgom_069,MGM069,NWGOM,WFGB,WBMeso1,10/28/15,M. cavernosa,27.8751,-93.82035,142,43.3,Mesophotic
MGM070,nwgom_070,MGM070,NWGOM,WFGB,WBMeso1,10/28/15,M. cavernosa,27.8751,-93.82035,139,42.4,Mesophotic
MGM071,nwgom_071,MGM071,NWGOM,WFGB,WBMeso1,10/28/15,M. cavernosa,27.8751,-93.82035,148,45.1,Mesophotic
MGM072.1,nwgom_072,MGM072,NWGOM,WFGB,WBMeso1,10/28/15,M. cavernosa,27.8751,-93.82035,144,43.9,Mesophotic
MGM072.2,nwgom_072.2,MGM072,NWGOM,WFGB,WBMeso1,10/28/15,M. cavernosa,27.8751,-93.82035,144,43.9,Mesophotic
MGM072.3,nwgom_072.3,MGM072,NWGOM,WFGB,WBMeso1,10/28/15,M. cavernosa,27.8751,-93.82035,144,43.9,Mesophotic
MGM073,nwgom_073,MGM073,NWGOM,WFGB,WBMeso1,10/28/15,M. cavernosa,27.8751,-93.82035,143,43.6,Mesophotic
MGM074,nwgom_074,MGM074,NWGOM,WFGB,WBMeso1,10/28/15,M. cavernosa,27.8751,-93.82035,144,43.9,Mesophotic
MGM075,nwgom_075,MGM075,NWGOM,WFGB,WBMeso1,10/28/15,M. cavernosa,27.8751,-93.82035,142,43.3,Mesophotic
MGM076,nwgom_076,MGM076,NWGOM,WFGB,WBMeso1,10/28/15,M. cavernosa,27.8751,-93.82035,145,44.2,Mesophotic
MGM077,nwgom_077,MGM077,NWGOM,WFGB,WBMeso1,10/28/15,M. cavernosa,27.8751,-93.82035,145,44.2,Mesophotic
MGM078,nwgom_078,MGM078,NWGOM,WFGB,WBMeso1,10/28/15,M. cavernosa,27.8751,-93.82035,138,42.1,Mesophotic
MGM079,nwgom_079,MGM079,NWGOM,WFGB,WBMeso1,10/28/15,M. cavernosa,27.8751,-93.82035,147,44.8,Mesophotic
MGM080,nwgom_080,MGM080,NWGOM,WFGB,WBMeso1,10/28/15,M. cavernosa,27.8751,-93.82035,140,42.7,Mesophotic
MGM081,nwgom_081,MGM081,NWGOM,WFGB,WBMeso1,10/28/15,M. cavernosa,27.8751,-93.82035,145,44.2,Mesophotic
MGM082,nwgom_082,MGM082,NWGOM,WFGB,WBMeso1,10/29/15,M. cavernosa,27.8751,-93.82035,148,45.1,Mesophotic
MGM083,nwgom_083,MGM083,NWGOM,WFGB,WBMeso1,10/28/15,M. cavernosa,27.8751,-93.82035,140,42.7,Mesophotic
MGM084,nwgom_084,MGM084,NWGOM,WFGB,WBMeso4,8/29/11,M. cavernosa,27.87371,-93.81655,120,36.6,Mesophotic
MGM085,nwgom_085,MGM085,NWGOM,WFGB,WBMeso4,8/28/11,M. cavernosa,27.87371,-93.81655,130,39.6,Mesophotic
MGM086,nwgom_086,MGM086,NWGOM,WFGB,WBMeso4,8/28/11,M. cavernosa,27.87371,-93.81655,130,39.6,Mesophotic
MGM087,nwgom_087,MGM087,NWGOM,WFGB,WBMeso4,8/27/11,M. cavernosa,27.87371,-93.81655,130,39.6,Mesophotic
MGM088,nwgom_091,MGM088,NWGOM,WFGB,WBShal1,10/28/15,M. cavernosa,27.87429,-93.82033,85,25.9,Shallow
MGM089,nwgom_092,MGM089,NWGOM,WFGB,WBShal1,5/5/16,M. cavernosa,27.87429,-93.82033,78,23.8,Shallow
MGM090,nwgom_093,MGM090,NWGOM,WFGB,WBShal1,10/28/15,M. cavernosa,27.87429,-93.82033,75,22.9,Shallow
MGM091,nwgom_094,MGM091,NWGOM,WFGB,WBShal1,10/28/15,M. cavernosa,27.87429,-93.82033,75,22.9,Shallow
MGM092,nwgom_095,MGM092,NWGOM,WFGB,WBShal1,10/28/15,M. cavernosa,27.87429,-93.82033,77,23.5,Shallow
MGM093,nwgom_096,MGM093,NWGOM,WFGB,WBShal1,10/28/15,M. cavernosa,27.87429,-93.82033,76,23.2,Shallow
MGM094,nwgom_097,MGM094,NWGOM,WFGB,WBShal1,10/28/15,M. cavernosa,27.87429,-93.82033,75,22.9,Shallow
MGM095,nwgom_098,MGM095,NWGOM,WFGB,WBShal1,10/28/15,M. cavernosa,27.87429,-93.82033,76,23.2,Shallow
MGM096,nwgom_099,MGM096,NWGOM,WFGB,WBShal1,10/28/15,M. cavernosa,27.87429,-93.82033,85,25.9,Shallow
MGM097,nwgom_100,MGM097,NWGOM,WFGB,WBShal1,10/28/15,M. cavernosa,27.87429,-93.82033,83,25.3,Shallow
MGM098,nwgom_101,MGM098,NWGOM,WFGB,WBShal1,10/28/15,M. cavernosa,27.87429,-93.82033,76,23.2,Shallow
MGM099,nwgom_103,MGM099,NWGOM,WFGB,WBShal2,10/25/14,M. cavernosa,27.87523,-93.81737,70,21.3,Shallow
MGM100,nwgom_104,MGM100,NWGOM,WFGB,WBShal2,10/25/14,M. cavernosa,27.87523,-93.81737,72,21.9,Shallow
MGM101,nwgom_105,MGM101,NWGOM,WFGB,WBShal2,10/25/14,M. cavernosa,27.87523,-93.81737,72,21.9,Shallow
MGM102,nwgom_106,MGM102,NWGOM,WFGB,WBShal2,10/25/14,M. cavernosa,27.87523,-93.81737,69,21,Shallow
MGM103,nwgom_107,MGM103,NWGOM,WFGB,WBShal3,10/25/14,M. cavernosa,27.87495,-93.81637,68,20.7,Shallow
MGM104,nwgom_108,MGM104,NWGOM,WFGB,WBShal3,10/25/14,M. cavernosa,27.87495,-93.81637,69,21,Shallow
MGM105,nwgom_109,MGM105,NWGOM,WFGB,WBShal3,10/25/14,M. cavernosa,27.87495,-93.81637,70,21.3,Shallow
MGM106,nwgom_110,MGM106,NWGOM,WFGB,WBShal3,10/25/14,M. cavernosa,27.87495,-93.81637,70,21.3,Shallow
MGM107,nwgom_111,MGM107,NWGOM,WFGB,WBShal4,10/25/14,M. cavernosa,27.87582,-93.8164,73,22.3,Shallow
MGM108,nwgom_112,MGM108,NWGOM,WFGB,WBShal4,10/25/14,M. cavernosa,27.87582,-93.8164,74,22.6,Shallow
MGM109,nwgom_113,MGM109,NWGOM,WFGB,WBShal4,10/25/14,M. cavernosa,27.87582,-93.8164,72,21.9,Shallow
MGM110,nwgom_114,MGM110,NWGOM,WFGB,WBShal1,10/28/15,M. cavernosa,27.87429,-93.82033,74,22.6,Shallow
MGM111,nwgom_115,MGM111,NWGOM,WFGB,WBShal2,10/25/14,M. cavernosa,27.87523,-93.81737,71,21.6,Shallow
MGM112,nwgom_116,MGM112,NWGOM,WFGB,WBShal5,9/13/10,M. cavernosa,27.87337,-93.82154,77,23.5,Shallow
MGM113,nwgom_117,MGM113,NWGOM,WFGB,WBShal5,9/13/10,M. cavernosa,27.87337,-93.82154,72,21.9,Shallow
MGM114,nwgom_119,MGM114,NWGOM,WFGB,WBShal2,10/25/14,M. cavernosa,27.87523,-93.81737,70,21.3,Shallow
MGM115,nwgom_120,MGM115,NWGOM,WFGB,WBShal5,9/13/10,M. cavernosa,27.87337,-93.82154,99,30.2,Mesophotic
MGM116,nwgom_121,MGM116,NWGOM,Bright,BBMeso2,5/7/16,M. cavernosa,27.8862,-93.30174,158,48.2,Mesophotic
MGM117,nwgom_122,MGM117,NWGOM,Bright,BBMeso2,5/7/16,M. cavernosa,27.8862,-93.30174,158,48.2,Mesophotic
MGM118,nwgom_123,MGM118,NWGOM,Bright,BBMeso2,5/7/16,M. cavernosa,27.8862,-93.30174,159,48.5,Mesophotic
MGM119,nwgom_124,MGM119,NWGOM,Bright,BBMeso2,5/7/16,M. cavernosa,27.8862,-93.30174,159,48.5,Mesophotic
MGM120,nwgom_125,MGM120,NWGOM,Bright,BBMeso2,5/7/16,M. cavernosa,27.8862,-93.30174,157,47.9,Mesophotic
MGM121,nwgom_126,MGM121,NWGOM,Bright,BBMeso2,5/7/16,M. cavernosa,27.8862,-93.30174,158,48.2,Mesophotic
MGM122,nwgom_127,MGM122,NWGOM,Bright,BBMeso2,5/7/16,M. cavernosa,27.8862,-93.30174,158,48.2,Mesophotic
MGM123,nwgom_129,MGM123,NWGOM,Bright,BBMeso2,5/7/16,M. cavernosa,27.8862,-93.30174,113,34.4,Mesophotic
MGM124,nwgom_130,MGM124,NWGOM,Bright,BBMeso2,5/7/16,M. cavernosa,27.8862,-93.30174,115,35.1,Mesophotic
MGM125,nwgom_131,MGM125,NWGOM,Bright,BBMeso2,5/7/16,M. cavernosa,27.8862,-93.30174,118,36,Mesophotic
MGM126,nwgom_132,MGM126,NWGOM,Bright,BBMeso2,5/7/16,M. cavernosa,27.8862,-93.30174,159,48.5,Mesophotic
MGM127,nwgom_133,MGM127,NWGOM,Bright,BBMeso2,5/7/16,M. cavernosa,27.8862,-93.30174,155,47.2,Mesophotic
MGM128,nwgom_134,MGM128,NWGOM,Bright,BBMeso2,5/7/16,M. cavernosa,27.8862,-93.30174,158,48.2,Mesophotic
MGM129,nwgom_135,MGM129,NWGOM,Bright,BBMeso2,5/7/16,M. cavernosa,27.8862,-93.30174,158,48.2,Mesophotic
MGM130,nwgom_136,MGM130,NWGOM,Bright,BBMeso2,5/7/16,M. cavernosa,27.8862,-93.30174,160,48.8,Mesophotic
MGM131,nwgom_137,MGM131,NWGOM,Bright,BBMeso2,5/7/16,M. cavernosa,27.8862,-93.30174,157,47.9,Mesophotic
MGM132,nwgom_139,MGM132,NWGOM,Bright,BBMeso2,5/7/16,M. cavernosa,27.8862,-93.30174,158,48.2,Mesophotic
MGM133,nwgom_140,MGM133,NWGOM,Bright,BBMeso2,5/7/16,M. cavernosa,27.8862,-93.30174,158,48.2,Mesophotic
MGM134,nwgom_141,MGM134,NWGOM,Bright,BBMeso2,5/7/16,M. cavernosa,27.8862,-93.30174,158,48.2,Mesophotic
MGM135,nwgom_142,MGM135,NWGOM,Bright,BBMeso2,5/7/16,M. cavernosa,27.8862,-93.30174,160,48.8,Mesophotic
MGM136,nwgom_143,MGM136,NWGOM,Bright,BBMeso2,7/10/15,M. cavernosa,27.8862,-93.30174,181,55.3,Mesophotic
MGM137,nwgom_144,MGM137,NWGOM,Bright,BBMeso2,9/30/16,M. cavernosa,27.8862,-93.30174,156,47.5,Mesophotic
MGM138,nwgom_145,MGM138,NWGOM,Bright,BBMeso2,9/30/16,M. cavernosa,27.8862,-93.30174,156,47.5,Mesophotic
MGM139,nwgom_146,MGM139,NWGOM,Bright,BBMeso2,9/30/16,M. cavernosa,27.8862,-93.30174,156,47.5,Mesophotic
MGM140,nwgom_147,MGM140,NWGOM,Bright,BBMeso2,9/30/16,M. cavernosa,27.8862,-93.30174,156,47.5,Mesophotic
MGM141,nwgom_148,MGM141,NWGOM,Bright,BBMeso2,9/30/16,M. cavernosa,27.8862,-93.30174,156,47.5,Mesophotic
MGM142,nwgom_149,MGM142,NWGOM,Bright,BBMeso2,9/30/16,M. cavernosa,27.8862,-93.30174,156,47.5,Mesophotic
MGM143,nwgom_150,MGM143,NWGOM,Bright,BBMeso2,9/30/16,M. cavernosa,27.8862,-93.30174,156,47.5,Mesophotic
MGM144,nwgom_152,MGM144,NWGOM,McGrail,MBMeso3,5/6/16,M. cavernosa,27.96299,-92.59262,159,48.5,Mesophotic
MGM145,nwgom_153,MGM145,NWGOM,McGrail,MBMeso3,5/6/16,M. cavernosa,27.96299,-92.59262,159,48.5,Mesophotic
MGM146,nwgom_154,MGM146,NWGOM,McGrail,MBMeso3,5/6/16,M. cavernosa,27.96299,-92.59262,160,48.8,Mesophotic
MGM147,nwgom_155,MGM147,NWGOM,McGrail,MBMeso3,5/6/16,M. cavernosa,27.96299,-92.59262,159,48.5,Mesophotic
MGM148,nwgom_156,MGM148,NWGOM,McGrail,MBMeso3,5/6/16,M. cavernosa,27.96299,-92.59262,160,48.8,Mesophotic
MGM149,nwgom_157,MGM149,NWGOM,McGrail,MBMeso3,5/6/16,M. cavernosa,27.96299,-92.59262,160,48.8,Mesophotic
MGM150,nwgom_158,MGM150,NWGOM,McGrail,MBMeso3,5/6/16,M. cavernosa,27.96299,-92.59262,160,48.8,Mesophotic
MGM151,nwgom_159,MGM151,NWGOM,McGrail,MBMeso3,5/6/16,M. cavernosa,27.96299,-92.59262,160,48.8,Mesophotic
MGM152,nwgom_160,MGM152,NWGOM,McGrail,MBMeso3,5/6/16,M. cavernosa,27.96299,-92.59262,158,48.2,Mesophotic
MGM153,nwgom_161,MGM153,NWGOM,McGrail,MBMeso3,5/6/16,M. cavernosa,27.96299,-92.59262,152,46.3,Mesophotic
MGM154,nwgom_162,MGM154,NWGOM,McGrail,MBMeso3,5/6/16,M. cavernosa,27.96299,-92.59262,150,45.7,Mesophotic
MGM155,nwgom_163,MGM155,NWGOM,McGrail,MBMeso3,5/6/16,M. cavernosa,27.96299,-92.59262,151,46,Mesophotic
MGM156,nwgom_164,MGM156,NWGOM,McGrail,MBMeso3,5/6/16,M. cavernosa,27.96299,-92.59262,152,46.3,Mesophotic
MGM157,nwgom_165,MGM157,NWGOM,McGrail,MBMeso3,5/6/16,M. cavernosa,27.96299,-92.59262,151,46,Mesophotic
MGM158,nwgom_166,MGM158,NWGOM,McGrail,MBMeso3,5/6/16,M. cavernosa,27.96299,-92.59262,151,46,Mesophotic
MGM159,nwgom_167,MGM159,NWGOM,McGrail,MBMeso3,5/6/16,M. cavernosa,27.96299,-92.59262,152,46.3,Mesophotic
MGM160,nwgom_168,MGM160,NWGOM,McGrail,MBMeso3,5/6/16,M. cavernosa,27.96299,-92.59262,152,46.3,Mesophotic
MGM161,nwgom_169,MGM161,NWGOM,McGrail,MBMeso4,7/7/15,M. cavernosa,27.96364,-92.59216,176,53.5,Mesophotic
MGM162,nwgom_170,MGM162,NWGOM,McGrail,MBMeso1,7/8/15,M. cavernosa,27.96235,-92.59369,164,50,Mesophotic
MGM163,nwgom_171,MGM163,NWGOM,McGrail,MBMeso1,7/8/15,M. cavernosa,27.96235,-92.59369,164,50,Mesophotic
MGM164,nwgom_172,MGM164,NWGOM,McGrail,MBMeso1,7/8/15,M. cavernosa,27.96235,-92.59369,167,51,Mesophotic
MGM165,nwgom_173,MGM165,NWGOM,McGrail,MBMeso5,7/8/15,M. cavernosa,27.96288,-92.59266,164,50,Mesophotic
MGM166,nwgom_174,MGM166,NWGOM,McGrail,MBMeso5,7/8/15,M. cavernosa,27.96288,-92.59266,159,48.5,Mesophotic
MGM167,nwgom_175,MGM167,NWGOM,McGrail,MBMeso5,7/8/15,M. cavernosa,27.96288,-92.59266,167,51,Mesophotic
MGM168,nwgom_176,MGM168,NWGOM,McGrail,MBMeso5,7/8/15,M. cavernosa,27.96288,-92.59266,174,53,Mesophotic
MGM169,nwgom_178,MGM169,NWGOM,McGrail,MBMeso6,7/8/15,M. cavernosa,27.96321,-92.59295,161,49,Mesophotic
MGM170,nwgom_179,MGM170,NWGOM,McGrail,MBMeso6,7/8/15,M. cavernosa,27.96321,-92.59295,157,48,Mesophotic
MGM171,nwgom_180,MGM171,NWGOM,McGrail,MBMeso6,7/8/15,M. cavernosa,27.96321,-92.59295,157,48,Mesophotic
OGM001,OGM001,OGM001,NWGOM,EFGB,EBMeso1,7/10/18,O. faveolata,27.91102,-93.59668,152,46.3,Mesophotic
OGM002,OGM002,OGM002,NWGOM,EFGB,EBMeso1,7/10/18,O. faveolata,27.91102,-93.59668,150,45.7,Mesophotic
OGM003,OGM003,OGM003,NWGOM,EFGB,EBMeso1,7/10/18,O. faveolata,27.91102,-93.59668,149,45.4,Mesophotic
OGM004,OGM004,OGM004,NWGOM,EFGB,EBMeso1,7/10/18,O. faveolata,27.91102,-93.59668,143,43.6,Mesophotic
OGM005,OGM005,OGM005,NWGOM,EFGB,EBMeso1,7/10/18,O. faveolata,27.91102,-93.59668,144,43.9,Mesophotic
OGM006,OGM006,OGM006,NWGOM,EFGB,EBMeso1,7/10/18,O. faveolata,27.91102,-93.59668,142,43.3,Mesophotic
OGM007,OGM007,OGM007,NWGOM,EFGB,EBMeso1,7/10/18,O. faveolata,27.91102,-93.59668,137,41.8,Mesophotic
OGM008,OGM008,OGM008,NWGOM,EFGB,EBMeso1,7/10/18,O. faveolata,27.91102,-93.59668,145,44.2,Mesophotic
OGM009,OGM009,OGM009,NWGOM,EFGB,EBMeso1,7/10/18,O. faveolata,27.91102,-93.59668,145,44.2,Mesophotic
OGM010,OGM010,OGM010,NWGOM,EFGB,EBMeso1,7/10/18,O. faveolata,27.91102,-93.59668,142,43.3,Mesophotic
OGM011,OGM011,OGM011,NWGOM,EFGB,EBMeso1,7/13/18,O. faveolata,27.91102,-93.59668,147,44.8,Mesophotic
OGM012,OGM012,OGM012,NWGOM,EFGB,EBMeso1,7/13/18,O. faveolata,27.91102,-93.59668,141,43,Mesophotic
OGM013,OGM013,OGM013,NWGOM,EFGB,EBMeso1,7/13/18,O. faveolata,27.91102,-93.59668,139,42.4,Mesophotic
OGM014,OGM014,OGM014,NWGOM,EFGB,EBMeso1,7/13/18,O. faveolata,27.91102,-93.59668,138,42.1,Mesophotic
OGM015,OGM015,OGM015,NWGOM,EFGB,EBMeso1,7/13/18,O. faveolata,27.91102,-93.59668,149,45.4,Mesophotic
OGM016,OGM016,OGM016,NWGOM,EFGB,EBMeso1,7/13/18,O. faveolata,27.91102,-93.59668,148,45.1,Mesophotic
OGM017,OGM017,OGM017,NWGOM,EFGB,EBMeso1,7/13/18,O. faveolata,27.91102,-93.59668,145,44.2,Mesophotic
OGM018,OGM018,OGM018,NWGOM,EFGB,EBMeso1,7/31/21,O. faveolata,27.91102,-93.59668,154,46.9,Mesophotic
OGM019,OGM019,OGM019,NWGOM,EFGB,EBMeso1,7/31/21,O. faveolata,27.91102,-93.59668,154,46.9,Mesophotic
OGM020,OGM020,OGM020,NWGOM,EFGB,EBMeso1,7/31/21,O. faveolata,27.91102,-93.59668,152,46.3,Mesophotic
OGM021,OGM021,OGM021,NWGOM,EFGB,EBMeso1,7/31/21,O. faveolata,27.91102,-93.59668,154,46.9,Mesophotic
OGM022,OGM022,OGM022,NWGOM,EFGB,EBShal1,7/31/21,O. faveolata,27.9114,-93.59821,73,22.3,Shallow
OGM023,OGM023,OGM023,NWGOM,EFGB,EBShal1,7/31/21,O. faveolata,27.9114,-93.59821,67,20.4,Shallow
OGM024.1,OGM024,OGM024,NWGOM,EFGB,EBShal1,7/31/21,O. faveolata,27.9114,-93.59821,67,20.4,Shallow
OGM024.2,OGM024.2,OGM024,NWGOM,EFGB,EBShal1,7/31/21,O. faveolata,27.9114,-93.59821,67,20.4,Shallow
OGM024.3,OGM024.3,OGM024,NWGOM,EFGB,EBShal1,7/31/21,O. faveolata,27.9114,-93.59821,67,20.4,Shallow
OGM025,OGM025,OGM025,NWGOM,EFGB,EBShal1,7/31/21,O. faveolata,27.9114,-93.59821,67,20.4,Shallow
OGM026,OGM026,OGM026,NWGOM,EFGB,EBShal1,7/31/21,O. faveolata,27.9114,-93.59821,65,19.8,Shallow
OGM027,OGM027,OGM027,NWGOM,EFGB,EBShal1,7/31/21,O. faveolata,27.9114,-93.59821,63,19.2,Shallow
OGM028,OGM029,OGM028,NWGOM,EFGB,EBShal1,7/31/21,O. faveolata,27.9114,-93.59821,61,18.6,Shallow
OGM029,OGM030,OGM029,NWGOM,EFGB,EBShal1,7/31/21,O. faveolata,27.9114,-93.59821,62,18.9,Shallow
OGM030,OGM031,OGM030,NWGOM,EFGB,EBMeso1,7/31/21,O. faveolata,27.91102,-93.59668,155,47.2,Mesophotic
OGM031,OGM032,OGM031,NWGOM,EFGB,EBMeso1,7/31/21,O. faveolata,27.91102,-93.59668,154,46.9,Mesophotic
OGM032,OGM033,OGM032,NWGOM,EFGB,EBMeso1,7/31/21,O. faveolata,27.91102,-93.59668,152,46.3,Mesophotic
OGM033,OGM034,OGM033,NWGOM,EFGB,EBMeso1,7/31/21,O. faveolata,27.91102,-93.59668,147,44.8,Mesophotic
OGM034,OGM036,OGM034,NWGOM,EFGB,EBShal1,7/31/21,O. faveolata,27.9114,-93.59821,68,20.7,Shallow
OGM035,OGM037,OGM035,NWGOM,EFGB,EBShal1,7/31/21,O. faveolata,27.9114,-93.59821,68,20.7,Shallow
OGM036,OGM040,OGM036,NWGOM,EFGB,EBShal1,7/31/21,O. faveolata,27.9114,-93.59821,63,19.2,Shallow
OGM037,OGM041,OGM037,NWGOM,EFGB,EBShal1,7/31/21,O. faveolata,27.9114,-93.59821,65,19.8,Shallow
OGM038,OGM043,OGM038,NWGOM,EFGB,EBShal1,7/31/21,O. faveolata,27.9114,-93.59821,72,21.9,Shallow
OGM039,OGM044,OGM039,NWGOM,EFGB,EBShal1,7/31/21,O. faveolata,27.9114,-93.59821,67,20.4,Shallow
OGM040,OGM045,OGM040,NWGOM,EFGB,EBShal1,7/31/21,O. faveolata,27.9114,-93.59821,67,20.4,Shallow
OGM041,OGM046,OGM041,NWGOM,EFGB,EBMeso1,8/1/21,O. faveolata,27.91102,-93.59668,149,45.4,Mesophotic
OGM042,OGM047,OGM042,NWGOM,EFGB,EBShal1,8/1/21,O. faveolata,27.9114,-93.59821,70,21.3,Shallow
OGM043,OGM048,OGM043,NWGOM,EFGB,EBShal1,8/1/21,O. faveolata,27.9114,-93.59821,72,21.9,Shallow
OGM044,OGM049,OGM044,NWGOM,EFGB,EBShal1,8/1/21,O. faveolata,27.9114,-93.59821,74,22.6,Shallow
OGM045,OGM050,OGM045,NWGOM,EFGB,EBShal1,8/1/21,O. faveolata,27.9114,-93.59821,72,21.9,Shallow
OGM046,OGM051,OGM046,NWGOM,EFGB,EBShal1,8/1/21,O. faveolata,27.9114,-93.59821,72,21.9,Shallow
OGM047,OGM052,OGM047,NWGOM,EFGB,EBShal1,8/1/21,O. faveolata,27.9114,-93.59821,74,22.6,Shallow
OGM048,OGM053,OGM048,NWGOM,EFGB,EBShal1,8/1/21,O. faveolata,27.9114,-93.59821,73,22.3,Shallow
OGM049,OGM054,OGM049,NWGOM,EFGB,EBShal1,8/1/21,O. faveolata,27.9114,-93.59821,70,21.3,Shallow
OGM050,OGM055,OGM050,NWGOM,EFGB,EBShal1,8/1/21,O. faveolata,27.9114,-93.59821,76,23.2,Shallow
OGM051,OGM056,OGM051,NWGOM,EFGB,EBShal1,8/1/21,O. faveolata,27.9114,-93.59821,74,22.6,Shallow
OGM052,OGM057,OGM052,NWGOM,EFGB,EBShal1,8/1/21,O. faveolata,27.9114,-93.59821,76,23.2,Shallow
OGM053,OGM058,OGM053,NWGOM,EFGB,EBShal1,8/1/21,O. faveolata,27.9114,-93.59821,74,22.6,Shallow
OGM054,OGM059,OGM054,NWGOM,EFGB,EBShal1,8/1/21,O. faveolata,27.9114,-93.59821,76,23.2,Shallow
OGM055,OGM060,OGM055,NWGOM,EFGB,EBShal1,8/1/21,O. faveolata,27.9114,-93.59821,76,23.2,Shallow
OGM056,OGM061,OGM056,NWGOM,EFGB,EBShal1,8/1/21,O. faveolata,27.9114,-93.59821,72,21.9,Shallow
OGM057,OGM062,OGM057,NWGOM,EFGB,EBMeso1,8/1/21,O. faveolata,27.91102,-93.59668,153,46.6,Mesophotic
OGM058,OGM064,OGM058,NWGOM,EFGB,EBMeso1,8/1/21,O. faveolata,27.91102,-93.59668,153,46.6,Mesophotic
OGM059,OGM065,OGM059,NWGOM,EFGB,EBMeso1,8/1/21,O. faveolata,27.91102,-93.59668,146,44.5,Mesophotic
OGM060,OGM066,OGM060,NWGOM,EFGB,EBMeso1,8/1/21,O. faveolata,27.91102,-93.59668,146,44.5,Mesophotic
OGM061,OGM067,OGM061,NWGOM,EFGB,EBMeso1,8/1/21,O. faveolata,27.91102,-93.59668,153,46.6,Mesophotic
OGM062,OGM068,OGM062,NWGOM,EFGB,EBMeso1,8/1/21,O. faveolata,27.91102,-93.59668,152,46.3,Mesophotic
OGM063,OGM069,OGM063,NWGOM,EFGB,EBMeso1,8/1/21,O. faveolata,27.91102,-93.59668,155,47.2,Mesophotic
OGM064,OGM071,OGM064,NWGOM,WFGB,WBShal1,8/2/21,O. faveolata,27.87429,-93.82033,73,22.3,Shallow
OGM065,OGM072,OGM065,NWGOM,WFGB,WBShal1,8/2/21,O. faveolata,27.87429,-93.82033,78,23.8,Shallow
OGM066.1,OGM073,OGM066,NWGOM,WFGB,WBShal1,8/2/21,O. faveolata,27.87429,-93.82033,78,23.8,Shallow
OGM066.2,OGM073.2,OGM066,NWGOM,WFGB,WBShal1,8/2/21,O. faveolata,27.87429,-93.82033,78,23.8,Shallow
OGM066.3,OGM073.3,OGM066,NWGOM,WFGB,WBShal1,8/2/21,O. faveolata,27.87429,-93.82033,78,23.8,Shallow
OGM067,OGM074,OGM067,NWGOM,WFGB,WBShal1,8/2/21,O. faveolata,27.87429,-93.82033,75,22.9,Shallow
OGM068,OGM075,OGM068,NWGOM,WFGB,WBShal1,8/2/21,O. faveolata,27.87429,-93.82033,78,23.8,Shallow
OGM069,OGM076,OGM069,NWGOM,WFGB,WBShal1,8/2/21,O. faveolata,27.87429,-93.82033,76,23.2,Shallow
OGM070,OGM077,OGM070,NWGOM,WFGB,WBShal1,8/2/21,O. faveolata,27.87429,-93.82033,74,22.6,Shallow
OGM071,OGM078,OGM071,NWGOM,WFGB,WBShal1,8/2/21,O. faveolata,27.87429,-93.82033,74,22.6,Shallow
OGM072,OGM079,OGM072,NWGOM,WFGB,WBShal1,8/2/21,O. faveolata,27.87429,-93.82033,74,22.6,Shallow
OGM073,OGM080,OGM073,NWGOM,WFGB,WBMeso1,8/2/21,O. faveolata,27.8751,-93.82035,130,39.6,Mesophotic
OGM074,OGM081,OGM074,NWGOM,WFGB,WBMeso1,8/2/21,O. faveolata,27.8751,-93.82035,141,43,Mesophotic
OGM075,OGM082,OGM075,NWGOM,WFGB,WBMeso1,8/2/21,O. faveolata,27.8751,-93.82035,137,41.8,Mesophotic
OGM076,OGM083,OGM076,NWGOM,WFGB,WBMeso1,8/2/21,O. faveolata,27.8751,-93.82035,136,41.5,Mesophotic
OGM077,OGM084,OGM077,NWGOM,WFGB,WBMeso1,8/2/21,O. faveolata,27.8751,-93.82035,135,41.1,Mesophotic
OGM078,OGM085,OGM078,NWGOM,WFGB,WBMeso1,8/2/21,O. faveolata,27.8751,-93.82035,134,40.8,Mesophotic
OGM079,OGM087,OGM079,NWGOM,WFGB,WBShal1,8/2/21,O. faveolata,27.87429,-93.82033,72,21.9,Shallow
OGM080,OGM088,OGM080,NWGOM,WFGB,WBShal1,8/2/21,O. faveolata,27.87429,-93.82033,77,23.5,Shallow
OGM081,OGM089,OGM081,NWGOM,WFGB,WBShal1,8/2/21,O. faveolata,27.87429,-93.82033,80,24.4,Shallow
OGM082,OGM090,OGM082,NWGOM,WFGB,WBShal1,8/2/21,O. faveolata,27.87429,-93.82033,77,23.5,Shallow
OGM083,OGM091,OGM083,NWGOM,WFGB,WBShal1,8/2/21,O. faveolata,27.87429,-93.82033,72,21.9,Shallow
OGM084,OGM093,OGM084,NWGOM,WFGB,WBShal1,8/2/21,O. faveolata,27.87429,-93.82033,74,22.6,Shallow
OGM085,OGM094,OGM085,NWGOM,WFGB,WBMeso2,8/3/21,O. faveolata,27.87583,-93.81863,132,40.2,Mesophotic
OGM086,OGM095,OGM086,NWGOM,WFGB,WBMeso2,8/3/21,O. faveolata,27.87583,-93.81863,134,40.8,Mesophotic
OGM087,OGM096,OGM087,NWGOM,WFGB,WBMeso2,8/3/21,O. faveolata,27.87583,-93.81863,134,40.8,Mesophotic
OGM088,OGM097,OGM088,NWGOM,WFGB,WBMeso2,8/3/21,O. faveolata,27.87583,-93.81863,133,40.5,Mesophotic
OGM089,OGM098,OGM089,NWGOM,WFGB,WBMeso2,8/3/21,O. faveolata,27.87583,-93.81863,132,40.2,Mesophotic
OGM090,OGM099,OGM090,NWGOM,WFGB,WBMeso2,8/3/21,O. faveolata,27.87583,-93.81863,130,39.6,Mesophotic
OGM091,OGM100,OGM091,NWGOM,WFGB,WBMeso2,8/3/21,O. faveolata,27.87583,-93.81863,140,42.7,Mesophotic
OGM092,OGM101,OGM092,NWGOM,WFGB,WBMeso2,8/3/21,O. faveolata,27.87583,-93.81863,138,42.1,Mesophotic
OGM093,OGM102,OGM093,NWGOM,WFGB,WBShal1,8/3/21,O. faveolata,27.87429,-93.82033,79,24.1,Shallow
OGM094,OGM103,OGM094,NWGOM,WFGB,WBShal1,8/3/21,O. faveolata,27.87429,-93.82033,78,23.8,Shallow
OGM095,OGM104,OGM095,NWGOM,WFGB,WBShal1,8/3/21,O. faveolata,27.87429,-93.82033,76,23.2,Shallow
OGM096,OGM105,OGM096,NWGOM,WFGB,WBShal1,8/3/21,O. faveolata,27.87429,-93.82033,82,25,Shallow
OGM097,OGM106,OGM097,NWGOM,WFGB,WBShal1,8/3/21,O. faveolata,27.87429,-93.82033,84,25.6,Shallow
OGM098,OGM107,OGM098,NWGOM,WFGB,WBShal1,8/3/21,O. faveolata,27.87429,-93.82033,85,25.9,Shallow
OGM099,OGM108,OGM099,NWGOM,WFGB,WBShal1,8/3/21,O. faveolata,27.87429,-93.82033,77,23.5,Shallow
OGM100,OGM110,OGM100,NWGOM,WFGB,WBShal1,8/3/21,O. faveolata,27.87429,-93.82033,74,22.6,Shallow
OGM101,OGM111,OGM101,NWGOM,WFGB,WBShal1,8/3/21,O. faveolata,27.87429,-93.82033,71,21.6,Shallow
OGM102,OGM113,OGM102,NWGOM,WFGB,WBShal1,8/3/21,O. faveolata,27.87429,-93.82033,73,22.3,Shallow
OGM103,OGM114,OGM103,NWGOM,WFGB,WBMeso2,8/3/21,O. faveolata,27.87583,-93.81863,127,38.7,Mesophotic
OGM104,OGM115,OGM104,NWGOM,WFGB,WBShal1,8/3/21,O. faveolata,27.87429,-93.82033,75,22.9,Shallow
OGM105,OGM116,OGM105,NWGOM,WFGB,WBShal1,8/3/21,O. faveolata,27.87429,-93.82033,71,21.6,Shallow
OGM106,OGM118,OGM106,NWGOM,WFGB,WBShal1,8/3/21,O. faveolata,27.87429,-93.82033,73,22.3,Shallow
OGM107,OGM119,OGM107,NWGOM,WFGB,WBShal1,8/3/21,O. faveolata,27.87429,-93.82033,75,22.9,Shallow
OGM108.1,OGM120,OGM108,NWGOM,WFGB,WBShal1,8/3/21,O. faveolata,27.87429,-93.82033,74,22.6,Shallow
OGM108.2,OGM120.2,OGM108,NWGOM,WFGB,WBShal1,8/3/21,O. faveolata,27.87429,-93.82033,74,22.6,Shallow
OGM108.3,OGM120.3,OGM108,NWGOM,WFGB,WBShal1,8/3/21,O. faveolata,27.87429,-93.82033,74,22.6,Shallow
OGM109,OGM121,OGM109,NWGOM,WFGB,WBMeso3,8/4/21,O. faveolata,27.8769,-93.815,132,40.2,Mesophotic
OGM110,OGM122,OGM110,NWGOM,WFGB,WBMeso3,8/4/21,O. faveolata,27.8769,-93.815,130,39.6,Mesophotic
OGM111,OGM123,OGM111,NWGOM,WFGB,WBMeso3,8/4/21,O. faveolata,27.8769,-93.815,130,39.6,Mesophotic
OGM112,OGM124,OGM112,NWGOM,WFGB,WBMeso3,8/4/21,O. faveolata,27.8769,-93.815,131,39.9,Mesophotic
OGM113,OGM125,OGM113,NWGOM,WFGB,WBMeso3,8/4/21,O. faveolata,27.8769,-93.815,128,39,Mesophotic
OGM114,OGM126,OGM114,NWGOM,WFGB,WBMeso3,8/4/21,O. faveolata,27.8769,-93.815,132,40.2,Mesophotic
OGM115,OGM127,OGM115,NWGOM,WFGB,WBMeso3,8/4/21,O. faveolata,27.8769,-93.815,129,39.3,Mesophotic
OGM116,OGM128,OGM116,NWGOM,WFGB,WBMeso3,8/4/21,O. faveolata,27.8769,-93.815,134,40.8,Mesophotic
OGM117,OGM129,OGM117,NWGOM,WFGB,WBMeso3,8/4/21,O. faveolata,27.8769,-93.815,130,39.6,Mesophotic
OGM118,OGM130,OGM118,NWGOM,WFGB,WBMeso3,8/4/21,O. faveolata,27.8769,-93.815,128,39,Mesophotic
OGM119,OGM131,OGM119,NWGOM,WFGB,WBMeso3,8/4/21,O. faveolata,27.8769,-93.815,127,38.7,Mesophotic
OGM120,OGM132,OGM120,NWGOM,WFGB,WBMeso3,8/4/21,O. faveolata,27.8769,-93.815,125,38.1,Mesophotic
OGM121,OGM133,OGM121,NWGOM,WFGB,WBMeso3,8/4/21,O. faveolata,27.8769,-93.815,130,39.6,Mesophotic
OGM122,OGM134,OGM122,NWGOM,WFGB,WBMeso3,8/4/21,O. faveolata,27.8769,-93.815,131,39.9,Mesophotic
OGM123,OGM135,OGM123,NWGOM,WFGB,WBMeso3,8/4/21,O. faveolata,27.8769,-93.815,131,39.9,Mesophotic
OGM124,OGM136,OGM124,NWGOM,WFGB,WBMeso3,8/4/21,O. faveolata,27.8769,-93.815,129,39.3,Mesophotic
OGM125,OGM137,OGM125,NWGOM,WFGB,WBMeso3,8/4/21,O. faveolata,27.8769,-93.815,129,39.3,Mesophotic
OGM126,OGM138,OGM126,NWGOM,WFGB,WBMeso3,8/4/21,O. faveolata,27.8769,-93.815,132,40.2,Mesophotic
OGM127,OGM139,OGM127,NWGOM,WFGB,WBMeso3,8/4/21,O. faveolata,27.8769,-93.815,130,39.6,Mesophotic
OGM128,OGM140,OGM128,NWGOM,WFGB,WBMeso3,8/4/21,O. faveolata,27.8769,-93.815,136,41.5,Mesophotic
OGM129,OGM141,OGM129,NWGOM,WFGB,WBMeso3,8/4/21,O. faveolata,27.8769,-93.815,133,40.5,Mesophotic
OGM130,OGM142,OGM130,NWGOM,WFGB,WBMeso3,8/4/21,O. faveolata,27.8769,-93.815,129,39.3,Mesophotic
OGM131,OGM143,OGM131,NWGOM,WFGB,WBMeso3,8/4/21,O. faveolata,27.8769,-93.815,136,41.5,Mesophotic
OGM132,OGM144,OGM132,NWGOM,WFGB,WBMeso3,8/4/21,O. faveolata,27.8769,-93.815,128,39,Mesophotic
OGM133,OGM145,OGM133,NWGOM,WFGB,WBMeso3,8/4/21,O. faveolata,27.8769,-93.815,134,40.8,Mesophotic
OGM134,OGM146,OGM134,NWGOM,WFGB,WBMeso3,8/4/21,O. faveolata,27.8769,-93.815,130,39.6,Mesophotic
OGM135,OGM147,OGM135,NWGOM,WFGB,WBMeso3,8/4/21,O. faveolata,27.8769,-93.815,138,42.1,Mesophotic
SGM001,SGM001,SGM001,NWGOM,WFGB,WBMeso1,7/9/18,S. intersepta,27.8751,-93.82035,145,44.2,Mesophotic
SGM002,SGM003,SGM002,NWGOM,WFGB,WBMeso1,7/9/18,S. intersepta,27.8751,-93.82035,145,44.2,Mesophotic
SGM003,SGM004,SGM003,NWGOM,McGrail,MBMeso2,7/11/18,S. intersepta,27.963,-92.59352,158,48.2,Mesophotic
SGM004,SGM005,SGM004,NWGOM,McGrail,MBMeso2,7/11/18,S. intersepta,27.963,-92.59352,158,48.2,Mesophotic
SGM005,SGM006,SGM005,NWGOM,McGrail,MBMeso2,7/11/18,S. intersepta,27.963,-92.59352,158,48.2,Mesophotic
SGM006,SGM008,SGM006,NWGOM,McGrail,MBMeso2,7/11/18,S. intersepta,27.963,-92.59352,158,48.2,Mesophotic
SGM007,SGM009,SGM007,NWGOM,McGrail,MBMeso2,7/11/18,S. intersepta,27.963,-92.59352,157,47.9,Mesophotic
SGM008,SGM010,SGM008,NWGOM,McGrail,MBMeso2,7/11/18,S. intersepta,27.963,-92.59352,156,47.5,Mesophotic
SGM009,SGM011,SGM009,NWGOM,McGrail,MBMeso2,7/11/18,S. intersepta,27.963,-92.59352,158,48.2,Mesophotic
SGM010,SGM012,SGM010,NWGOM,McGrail,MBMeso2,7/11/18,S. intersepta,27.963,-92.59352,157,47.9,Mesophotic
SGM011,SGM013,SGM011,NWGOM,McGrail,MBMeso2,7/11/18,S. intersepta,27.963,-92.59352,156,47.5,Mesophotic
SGM012,SGM014,SGM012,NWGOM,McGrail,MBMeso2,7/11/18,S. intersepta,27.963,-92.59352,157,47.9,Mesophotic
SGM013,SGM015,SGM013,NWGOM,McGrail,MBMeso2,7/11/18,S. intersepta,27.963,-92.59352,157,47.9,Mesophotic
SGM014,SGM016,SGM014,NWGOM,McGrail,MBMeso3,7/11/18,S. intersepta,27.96299,-92.59262,162,49.4,Mesophotic
SGM015,SGM017,SGM015,NWGOM,McGrail,MBMeso3,7/11/18,S. intersepta,27.96299,-92.59262,160,48.8,Mesophotic
SGM016,SGM018,SGM016,NWGOM,McGrail,MBMeso3,7/11/18,S. intersepta,27.96299,-92.59262,160,48.8,Mesophotic
SGM017,SGM019,SGM017,NWGOM,McGrail,MBMeso3,7/11/18,S. intersepta,27.96299,-92.59262,161,49.1,Mesophotic
SGM018,SGM020,SGM018,NWGOM,McGrail,MBMeso3,7/11/18,S. intersepta,27.96299,-92.59262,161,49.1,Mesophotic
SGM019,SGM021,SGM019,NWGOM,McGrail,MBMeso3,7/11/18,S. intersepta,27.96299,-92.59262,160,48.8,Mesophotic
SGM020,SGM022,SGM020,NWGOM,McGrail,MBMeso3,7/11/18,S. intersepta,27.96299,-92.59262,159,48.5,Mesophotic
SGM021,SGM023,SGM021,NWGOM,McGrail,MBMeso3,7/11/18,S. intersepta,27.96299,-92.59262,159,48.5,Mesophotic
SGM022,SGM024,SGM022,NWGOM,McGrail,MBMeso3,7/11/18,S. intersepta,27.96299,-92.59262,159,48.5,Mesophotic
SGM023,SGM025,SGM023,NWGOM,McGrail,MBMeso3,7/11/18,S. intersepta,27.96299,-92.59262,159,48.5,Mesophotic
SGM024,SGM027,SGM024,NWGOM,McGrail,MBMeso3,7/11/18,S. intersepta,27.96299,-92.59262,162,49.4,Mesophotic
SGM025,SGM028,SGM025,NWGOM,McGrail,MBMeso3,7/11/18,S. intersepta,27.96299,-92.59262,157,47.9,Mesophotic
SGM026,SGM029,SGM026,NWGOM,McGrail,MBMeso3,7/11/18,S. intersepta,27.96299,-92.59262,158,48.2,Mesophotic
SGM027.1,SGM030,SGM027,NWGOM,McGrail,MBMeso3,7/11/18,S. intersepta,27.96299,-92.59262,157,47.9,Mesophotic
SGM027.2,SGM030.2,SGM027,NWGOM,McGrail,MBMeso3,7/11/18,S. intersepta,27.96299,-92.59262,157,47.9,Mesophotic
SGM027.3,SGM030.3,SGM027,NWGOM,McGrail,MBMeso3,7/11/18,S. intersepta,27.96299,-92.59262,157,47.9,Mesophotic
SGM028,SGM031,SGM028,NWGOM,McGrail,MBMeso3,7/11/18,S. intersepta,27.96299,-92.59262,157,47.9,Mesophotic
SGM029,SGM033,SGM029,NWGOM,McGrail,MBMeso3,7/11/18,S. intersepta,27.96299,-92.59262,157,47.9,Mesophotic
SGM030,SGM034,SGM030,NWGOM,McGrail,MBMeso3,7/11/18,S. intersepta,27.96299,-92.59262,158,48.2,Mesophotic
SGM031,SGM035,SGM031,NWGOM,McGrail,MBMeso3,7/11/18,S. intersepta,27.96299,-92.59262,162,49.4,Mesophotic
SGM032,SGM036,SGM032,NWGOM,McGrail,MBMeso3,7/11/18,S. intersepta,27.96299,-92.59262,162,49.4,Mesophotic
SGM033,SGM037,SGM033,NWGOM,Bright,BBMeso1,7/12/18,S. intersepta,27.89489,-93.30522,157,47.9,Mesophotic
SGM034,SGM038,SGM034,NWGOM,Bright,BBMeso1,7/12/18,S. intersepta,27.89489,-93.30522,158,48.2,Mesophotic
SGM035,SGM039,SGM035,NWGOM,Bright,BBMeso1,7/12/18,S. intersepta,27.89489,-93.30522,157,47.9,Mesophotic
SGM036,SGM040,SGM036,NWGOM,Bright,BBMeso1,7/12/18,S. intersepta,27.89489,-93.30522,159,48.5,Mesophotic
SGM037,SGM041,SGM037,NWGOM,Bright,BBMeso1,7/12/18,S. intersepta,27.89489,-93.30522,157,47.9,Mesophotic
SGM038,SGM042,SGM038,NWGOM,Bright,BBMeso1,7/12/18,S. intersepta,27.89489,-93.30522,157,47.9,Mesophotic
SGM039,SGM043,SGM039,NWGOM,Bright,BBMeso1,7/12/18,S. intersepta,27.89489,-93.30522,157,47.9,Mesophotic
SGM040,SGM044,SGM040,NWGOM,Bright,BBMeso1,7/12/18,S. intersepta,27.89489,-93.30522,158,48.2,Mesophotic
SGM041,SGM045,SGM041,NWGOM,Bright,BBMeso1,7/12/18,S. intersepta,27.89489,-93.30522,157,47.9,Mesophotic
SGM042,SGM046,SGM042,NWGOM,Bright,BBMeso1,7/12/18,S. intersepta,27.89489,-93.30522,157,47.9,Mesophotic
SGM043,SGM047,SGM043,NWGOM,Bright,BBMeso1,7/12/18,S. intersepta,27.89489,-93.30522,155,47.2,Mesophotic
SGM044,SGM048,SGM044,NWGOM,Bright,BBMeso1,7/12/18,S. intersepta,27.89489,-93.30522,155,47.2,Mesophotic
SGM045,SGM049,SGM045,NWGOM,Bright,BBMeso1,7/12/18,S. intersepta,27.89489,-93.30522,158,48.2,Mesophotic
SGM046.1,SGM050,SGM046,NWGOM,Bright,BBMeso1,7/12/18,S. intersepta,27.89489,-93.30522,157,47.9,Mesophotic
SGM046.2,SGM050.2,SGM046,NWGOM,Bright,BBMeso1,7/12/18,S. intersepta,27.89489,-93.30522,157,47.9,Mesophotic
SGM046.3,SGM050.3,SGM046,NWGOM,Bright,BBMeso1,7/12/18,S. intersepta,27.89489,-93.30522,157,47.9,Mesophotic
SGM047,SGM051,SGM047,NWGOM,Bright,BBMeso1,7/12/18,S. intersepta,27.89489,-93.30522,157,47.9,Mesophotic
SGM048,SGM052,SGM048,NWGOM,Bright,BBMeso1,7/12/18,S. intersepta,27.89489,-93.30522,156,47.5,Mesophotic
SGM049,SGM053,SGM049,NWGOM,Bright,BBMeso1,7/12/18,S. intersepta,27.89489,-93.30522,155,47.2,Mesophotic
SGM050,SGM054,SGM050,NWGOM,Bright,BBMeso1,7/12/18,S. intersepta,27.89489,-93.30522,155,47.2,Mesophotic
SGM051,SGM055,SGM051,NWGOM,Bright,BBMeso1,7/12/18,S. intersepta,27.89489,-93.30522,155,47.2,Mesophotic
SGM052,SGM056,SGM052,NWGOM,Bright,BBMeso1,7/12/18,S. intersepta,27.89489,-93.30522,154,46.9,Mesophotic
SGM053,SGM057,SGM053,NWGOM,Bright,BBMeso1,7/12/18,S. intersepta,27.89489,-93.30522,154,46.9,Mesophotic
SGM054,SGM058,SGM054,NWGOM,Bright,BBMeso1,7/12/18,S. intersepta,27.89489,-93.30522,155,47.2,Mesophotic
SGM055,SGM059,SGM055,NWGOM,Bright,BBMeso1,7/12/18,S. intersepta,27.89489,-93.30522,155,47.2,Mesophotic
SGM056,SGM060,SGM056,NWGOM,Bright,BBMeso1,7/12/18,S. intersepta,27.89489,-93.30522,155,47.2,Mesophotic
SGM057,SGM061,SGM057,NWGOM,Bright,BBMeso1,7/12/18,S. intersepta,27.89489,-93.30522,155,47.2,Mesophotic
SGM058,SGM062,SGM058,NWGOM,Bright,BBMeso1,7/12/18,S. intersepta,27.89489,-93.30522,157,47.9,Mesophotic
SGM059,SGM063,SGM059,NWGOM,Bright,BBMeso1,7/12/18,S. intersepta,27.89489,-93.30522,156,47.5,Mesophotic
SGM060,SGM064,SGM060,NWGOM,Bright,BBMeso1,7/12/18,S. intersepta,27.89489,-93.30522,156,47.5,Mesophotic
SGM061,SGM065,SGM061,NWGOM,Bright,BBMeso1,7/12/18,S. intersepta,27.89489,-93.30522,154,46.9,Mesophotic
SGM062,SGM066,SGM062,NWGOM,Bright,BBMeso1,7/12/18,S. intersepta,27.89489,-93.30522,157,47.9,Mesophotic
SGM063,SGM067,SGM063,NWGOM,EFGB,EBMeso1,7/13/18,S. intersepta,27.91102,-93.59668,149,45.4,Mesophotic
SGM064,SGM068,SGM064,NWGOM,EFGB,EBMeso1,7/13/18,S. intersepta,27.91102,-93.59668,143,43.6,Mesophotic
SGM065,SGM069,SGM065,NWGOM,EFGB,EBMeso1,7/13/18,S. intersepta,27.91102,-93.59668,142,43.3,Mesophotic
SGM066,SGM070,SGM066,NWGOM,EFGB,EBMeso1,7/13/18,S. intersepta,27.91102,-93.59668,139,42.4,Mesophotic
SGM067,SGM071,SGM067,NWGOM,EFGB,EBMeso1,7/13/18,S. intersepta,27.91102,-93.59668,141,43,Mesophotic
SGM068,SGM072,SGM068,NWGOM,EFGB,EBMeso1,7/13/18,S. intersepta,27.91102,-93.59668,138,42.1,Mesophotic
SGM069,SGM073,SGM069,NWGOM,EFGB,EBMeso1,7/13/18,S. intersepta,27.91102,-93.59668,142,43.3,Mesophotic
SGM070,SGM074,SGM070,NWGOM,EFGB,EBMeso1,7/13/18,S. intersepta,27.91102,-93.59668,141,43,Mesophotic
SGM071,SGM075,SGM071,NWGOM,EFGB,EBMeso1,7/13/18,S. intersepta,27.91102,-93.59668,150,45.7,Mesophotic
SGM072,SGM076,SGM072,NWGOM,EFGB,EBMeso1,7/13/18,S. intersepta,27.91102,-93.59668,147,44.8,Mesophotic
SGM073,SGM077,SGM073,NWGOM,EFGB,EBMeso1,7/13/18,S. intersepta,27.91102,-93.59668,144,43.9,Mesophotic
SGM074,SGM078,SGM074,NWGOM,EFGB,EBMeso1,7/13/18,S. intersepta,27.91102,-93.59668,145,44.2,Mesophotic
SGM075,SGM079,SGM075,NWGOM,WFGB,WBMeso1,7/13/18,S. intersepta,27.8751,-93.82035,142,43.3,Mesophotic
SGM076,SGM080,SGM076,NWGOM,WFGB,WBMeso1,7/13/18,S. intersepta,27.8751,-93.82035,142,43.3,Mesophotic
SGM077,SGM081,SGM077,NWGOM,WFGB,WBMeso1,7/13/18,S. intersepta,27.8751,-93.82035,142,43.3,Mesophotic
SGM078,SGM083,SGM078,NWGOM,WFGB,WBMeso1,7/13/18,S. intersepta,27.8751,-93.82035,144,43.9,Mesophotic
SGM079,SGM084,SGM079,NWGOM,WFGB,WBMeso1,7/13/18,S. intersepta,27.8751,-93.82035,145,44.2,Mesophotic
SGM080,SGM085,SGM080,NWGOM,WFGB,WBMeso1,7/13/18,S. intersepta,27.8751,-93.82035,144,43.9,Mesophotic
SGM081,SGM086,SGM081,NWGOM,WFGB,WBMeso1,7/13/18,S. intersepta,27.8751,-93.82035,145,44.2,Mesophotic
SGM082,SGM088,SGM082,NWGOM,WFGB,WBMeso1,7/13/18,S. intersepta,27.8751,-93.82035,147,44.8,Mesophotic
SGM083,SGM089,SGM083,NWGOM,WFGB,WBMeso1,7/13/18,S. intersepta,27.8751,-93.82035,138,42.1,Mesophotic
SGM084,SGM090,SGM084,NWGOM,WFGB,WBMeso1,7/13/18,S. intersepta,27.8751,-93.82035,143,43.6,Mesophotic
SGM085,SGM091,SGM085,NWGOM,WFGB,WBMeso1,7/13/18,S. intersepta,27.8751,-93.82035,146,44.5,Mesophotic
SGM086,SGM092,SGM086,NWGOM,WFGB,WBMeso1,7/13/18,S. intersepta,27.8751,-93.82035,145,44.2,Mesophotic
SGM087,SGM093,SGM087,NWGOM,WFGB,WBMeso1,7/13/18,S. intersepta,27.8751,-93.82035,146,44.5,Mesophotic
SGM088,SGM095,SGM088,NWGOM,WFGB,WBMeso1,7/13/18,S. intersepta,27.8751,-93.82035,146,44.5,Mesophotic
SGM089,SGM096,SGM089,NWGOM,WFGB,WBMeso1,7/13/18,S. intersepta,27.8751,-93.82035,148,45.1,Mesophotic
SGM090,SGM097,SGM090,NWGOM,WFGB,WBMeso1,7/13/18,S. intersepta,27.8751,-93.82035,148,45.1,Mesophotic
SGM091,SGM098,SGM091,NWGOM,WFGB,WBMeso1,7/13/18,S. intersepta,27.8751,-93.82035,147,44.8,Mesophotic
SGM092,SGM099,SGM092,NWGOM,WFGB,WBMeso1,7/13/18,S. intersepta,27.8751,-93.82035,149,45.4,Mesophotic
SGM093,SGM100,SGM093,NWGOM,WFGB,WBMeso1,7/13/18,S. intersepta,27.8751,-93.82035,147,44.8,Mesophotic
SGM094,SGM101,SGM094,NWGOM,WFGB,WBMeso1,7/13/18,S. intersepta,27.8751,-93.82035,147,44.8,Mesophotic
SGM095,SGM102,SGM095,NWGOM,WFGB,WBMeso1,7/13/18,S. intersepta,27.8751,-93.82035,145,44.2,Mesophotic
SGM096,SGM103,SGM096,NWGOM,WFGB,WBMeso1,7/13/18,S. intersepta,27.8751,-93.82035,147,44.8,Mesophotic
SGM097,SGM104,SGM097,NWGOM,WFGB,WBMeso1,7/13/18,S. intersepta,27.8751,-93.82035,147,44.8,Mesophotic
SGM098,SGM106,SGM098,NWGOM,WFGB,WBMeso1,7/13/18,S. intersepta,27.8751,-93.82035,149,45.4,Mesophotic
SGM099,SGM107,SGM099,NWGOM,WFGB,WBMeso1,7/13/18,S. intersepta,27.8751,-93.82035,149,45.4,Mesophotic
SGM100,SGM108,SGM100,NWGOM,WFGB,WBMeso1,7/13/18,S. intersepta,27.8751,-93.82035,147,44.8,Mesophotic
SGM101,SGM109,SGM101,NWGOM,WFGB,WBMeso1,7/13/18,S. intersepta,27.8751,-93.82035,149,45.4,Mesophotic
SGM102,SGM110,SGM102,NWGOM,WFGB,WBMeso1,7/13/18,S. intersepta,27.8751,-93.82035,146,44.5,Mesophotic
SGM103,SGM114,SGM103,NWGOM,EFGB,EBMeso1,7/31/21,S. intersepta,27.91102,-93.59668,152,46.3,Mesophotic
SGM104,SGM115,SGM104,NWGOM,EFGB,EBMeso1,7/31/21,S. intersepta,27.91102,-93.59668,152,46.3,Mesophotic
SGM105,SGM116,SGM105,NWGOM,EFGB,EBShal1,7/31/21,S. intersepta,27.9114,-93.59821,71,21.6,Shallow
SGM106,SGM118,SGM106,NWGOM,EFGB,EBShal1,7/31/21,S. intersepta,27.9114,-93.59821,72,21.9,Shallow
SGM107,SGM119,SGM107,NWGOM,EFGB,EBShal1,7/31/21,S. intersepta,27.9114,-93.59821,66,20.1,Shallow
SGM108,SGM121,SGM108,NWGOM,EFGB,EBShal1,7/31/21,S. intersepta,27.9114,-93.59821,66,20.1,Shallow
SGM109,SGM122,SGM109,NWGOM,EFGB,EBShal1,7/31/21,S. intersepta,27.9114,-93.59821,64,19.5,Shallow
SGM110,SGM124,SGM110,NWGOM,EFGB,EBMeso1,7/31/21,S. intersepta,27.91102,-93.59668,156,47.5,Mesophotic
SGM111,SGM125,SGM111,NWGOM,EFGB,EBMeso1,7/31/21,S. intersepta,27.91102,-93.59668,155,47.2,Mesophotic
SGM112,SGM126,SGM112,NWGOM,EFGB,EBMeso1,7/31/21,S. intersepta,27.91102,-93.59668,154,46.9,Mesophotic
SGM113,SGM128,SGM113,NWGOM,EFGB,EBMeso1,7/31/21,S. intersepta,27.91102,-93.59668,153,46.6,Mesophotic
SGM114,SGM129,SGM114,NWGOM,EFGB,EBMeso1,7/31/21,S. intersepta,27.91102,-93.59668,148,45.1,Mesophotic
SGM115,SGM130,SGM115,NWGOM,EFGB,EBShal1,7/31/21,S. intersepta,27.9114,-93.59821,67,20.4,Shallow
SGM116,SGM131,SGM116,NWGOM,EFGB,EBShal1,7/31/21,S. intersepta,27.9114,-93.59821,68,20.7,Shallow
SGM117,SGM132,SGM117,NWGOM,EFGB,EBShal1,7/31/21,S. intersepta,27.9114,-93.59821,69,21,Shallow
SGM118,SGM133,SGM118,NWGOM,EFGB,EBShal1,7/31/21,S. intersepta,27.9114,-93.59821,67,20.4,Shallow
SGM119,SGM134,SGM119,NWGOM,EFGB,EBShal1,7/31/21,S. intersepta,27.9114,-93.59821,71,21.6,Shallow
SGM120,SGM135,SGM120,NWGOM,EFGB,EBShal1,7/31/21,S. intersepta,27.9114,-93.59821,69,21,Shallow
SGM121,SGM136,SGM121,NWGOM,EFGB,EBMeso1,8/1/21,S. intersepta,27.91102,-93.59668,161,49.1,Mesophotic
SGM122,SGM138,SGM122,NWGOM,EFGB,EBMeso1,8/1/21,S. intersepta,27.91102,-93.59668,150,45.7,Mesophotic
SGM123,SGM139,SGM123,NWGOM,EFGB,EBMeso1,8/1/21,S. intersepta,27.91102,-93.59668,149,45.4,Mesophotic
SGM124,SGM140,SGM124,NWGOM,EFGB,EBMeso1,8/1/21,S. intersepta,27.91102,-93.59668,154,46.9,Mesophotic
SGM125,SGM141,SGM125,NWGOM,EFGB,EBMeso1,8/1/21,S. intersepta,27.91102,-93.59668,146,44.5,Mesophotic
SGM126,SGM142,SGM126,NWGOM,EFGB,EBMeso1,8/1/21,S. intersepta,27.91102,-93.59668,156,47.5,Mesophotic
SGM127,SGM143,SGM127,NWGOM,EFGB,EBMeso1,8/1/21,S. intersepta,27.91102,-93.59668,152,46.3,Mesophotic
SGM128,SGM144,SGM128,NWGOM,EFGB,EBMeso1,8/1/21,S. intersepta,27.91102,-93.59668,151,46,Mesophotic
SGM129,SGM145,SGM129,NWGOM,EFGB,EBShal1,8/1/21,S. intersepta,27.9114,-93.59821,73,22.3,Shallow
SGM130,SGM146,SGM130,NWGOM,EFGB,EBShal1,8/1/21,S. intersepta,27.9114,-93.59821,75,22.9,Shallow
SGM131,SGM148,SGM131,NWGOM,EFGB,EBShal1,8/1/21,S. intersepta,27.9114,-93.59821,74,22.6,Shallow
SGM132,SGM149,SGM132,NWGOM,EFGB,EBShal1,8/1/21,S. intersepta,27.9114,-93.59821,74,22.6,Shallow
SGM133,SGM150,SGM133,NWGOM,EFGB,EBShal1,8/1/21,S. intersepta,27.9114,-93.59821,76,23.2,Shallow
SGM134,SGM151,SGM134,NWGOM,EFGB,EBShal1,8/1/21,S. intersepta,27.9114,-93.59821,75,22.9,Shallow
SGM135,SGM152,SGM135,NWGOM,EFGB,EBShal1,8/1/21,S. intersepta,27.9114,-93.59821,78,23.8,Shallow
SGM136,SGM153,SGM136,NWGOM,EFGB,EBShal1,8/1/21,S. intersepta,27.9114,-93.59821,74,22.6,Shallow
SGM137,SGM154,SGM137,NWGOM,EFGB,EBShal1,8/1/21,S. intersepta,27.9114,-93.59821,73,22.3,Shallow
SGM138,SGM155,SGM138,NWGOM,EFGB,EBShal1,8/1/21,S. intersepta,27.9114,-93.59821,77,23.5,Shallow
SGM139,SGM156,SGM139,NWGOM,EFGB,EBShal1,8/1/21,S. intersepta,27.9114,-93.59821,76,23.2,Shallow
SGM140,SGM158,SGM140,NWGOM,EFGB,EBShal1,8/1/21,S. intersepta,27.9114,-93.59821,78,23.8,Shallow
SGM141,SGM159,SGM141,NWGOM,EFGB,EBShal1,8/1/21,S. intersepta,27.9114,-93.59821,79,24.1,Shallow
SGM142,SGM160,SGM142,NWGOM,EFGB,EBShal1,8/1/21,S. intersepta,27.9114,-93.59821,69,21,Shallow
SGM143,SGM161,SGM143,NWGOM,EFGB,EBShal1,8/1/21,S. intersepta,27.9114,-93.59821,66,20.1,Shallow
SGM144,SGM162,SGM144,NWGOM,EFGB,EBShal1,8/1/21,S. intersepta,27.9114,-93.59821,67,20.4,Shallow
SGM145,SGM163,SGM145,NWGOM,EFGB,EBShal1,8/1/21,S. intersepta,27.9114,-93.59821,67,20.4,Shallow
SGM146,SGM164,SGM146,NWGOM,EFGB,EBShal1,8/1/21,S. intersepta,27.9114,-93.59821,67,20.4,Shallow
SGM147,SGM165,SGM147,NWGOM,EFGB,EBShal1,8/1/21,S. intersepta,27.9114,-93.59821,65,19.8,Shallow
SGM148,SGM166,SGM148,NWGOM,WFGB,WBShal1,8/2/21,S. intersepta,27.87429,-93.82033,77,23.5,Shallow
SGM149,SGM167,SGM149,NWGOM,WFGB,WBShal1,8/2/21,S. intersepta,27.87429,-93.82033,78,23.8,Shallow
SGM150,SGM168,SGM150,NWGOM,WFGB,WBShal1,8/2/21,S. intersepta,27.87429,-93.82033,78,23.8,Shallow
SGM151,SGM169,SGM151,NWGOM,WFGB,WBShal1,8/2/21,S. intersepta,27.87429,-93.82033,82,25,Shallow
SGM152.1,SGM170,SGM152,NWGOM,WFGB,WBShal1,8/2/21,S. intersepta,27.87429,-93.82033,80,24.4,Shallow
SGM152.2,SGM170.2,SGM152,NWGOM,WFGB,WBShal1,8/2/21,S. intersepta,27.87429,-93.82033,80,24.4,Shallow
SGM152.3,SGM170.3,SGM152,NWGOM,WFGB,WBShal1,8/2/21,S. intersepta,27.87429,-93.82033,80,24.4,Shallow
SGM153,SGM171,SGM153,NWGOM,WFGB,WBShal1,8/2/21,S. intersepta,27.87429,-93.82033,75,22.9,Shallow
SGM154,SGM172,SGM154,NWGOM,WFGB,WBShal1,8/2/21,S. intersepta,27.87429,-93.82033,76,23.2,Shallow
SGM155,SGM173,SGM155,NWGOM,WFGB,WBShal1,8/2/21,S. intersepta,27.87429,-93.82033,80,24.4,Shallow
SGM156,SGM174,SGM156,NWGOM,WFGB,WBShal1,8/2/21,S. intersepta,27.87429,-93.82033,81,24.7,Shallow
SGM157,SGM175,SGM157,NWGOM,WFGB,WBShal1,8/2/21,S. intersepta,27.87429,-93.82033,78,23.8,Shallow
SGM158,SGM176,SGM158,NWGOM,WFGB,WBShal1,8/2/21,S. intersepta,27.87429,-93.82033,77,23.5,Shallow
SGM159,SGM177,SGM159,NWGOM,WFGB,WBShal1,8/2/21,S. intersepta,27.87429,-93.82033,77,23.5,Shallow
SGM160,SGM178,SGM160,NWGOM,WFGB,WBShal1,8/2/21,S. intersepta,27.87429,-93.82033,75,22.9,Shallow
SGM161,SGM179,SGM161,NWGOM,WFGB,WBShal1,8/2/21,S. intersepta,27.87429,-93.82033,76,23.2,Shallow
SGM162,SGM180,SGM162,NWGOM,WFGB,WBShal1,8/2/21,S. intersepta,27.87429,-93.82033,74,22.6,Shallow
SGM163,SGM181,SGM163,NWGOM,WFGB,WBShal1,8/2/21,S. intersepta,27.87429,-93.82033,77,23.5,Shallow
SGM164,SGM182,SGM164,NWGOM,WFGB,WBShal1,8/2/21,S. intersepta,27.87429,-93.82033,73,22.3,Shallow
SGM165,SGM183,SGM165,NWGOM,WFGB,WBShal1,8/2/21,S. intersepta,27.87429,-93.82033,75,22.9,Shallow
SGM166,SGM184,SGM166,NWGOM,WFGB,WBShal1,8/2/21,S. intersepta,27.87429,-93.82033,73,22.3,Shallow
SGM167,SGM186,SGM167,NWGOM,WFGB,WBShal1,8/3/21,S. intersepta,27.87429,-93.82033,79,24.1,Shallow
SGM168,SGM187,SGM168,NWGOM,WFGB,WBShal1,8/3/21,S. intersepta,27.87429,-93.82033,81,24.7,Shallow
SGM169,SGM189,SGM169,NWGOM,WFGB,WBShal1,8/3/21,S. intersepta,27.87429,-93.82033,80,24.4,Shallow
SGM170,SGM190,SGM170,NWGOM,WFGB,WBShal1,8/3/21,S. intersepta,27.87429,-93.82033,84,25.6,Shallow
SGM171,SGM192,SGM171,NWGOM,WFGB,WBShal1,8/3/21,S. intersepta,27.87429,-93.82033,73,22.3,Shallow
SGM172,SGM193,SGM172,NWGOM,WFGB,WBShal1,8/3/21,S. intersepta,27.87429,-93.82033,71,21.6,Shallow
SGM173,SGM194,SGM173,NWGOM,WFGB,WBShal1,8/3/21,S. intersepta,27.87429,-93.82033,75,22.9,Shallow
SGM174,SGM195,SGM174,NWGOM,WFGB,WBShal1,8/3/21,S. intersepta,27.87429,-93.82033,75,22.9,Shallow
SGM175,SGM197,SGM175,NWGOM,WFGB,WBShal1,8/3/21,S. intersepta,27.87429,-93.82033,73,22.3,Shallow
SGM176,SGM199,SGM176,NWGOM,WFGB,WBShal1,8/3/21,S. intersepta,27.87429,-93.82033,77,23.5,Shallow
SGM177,SGM200,SGM177,NWGOM,WFGB,WBShal1,8/3/21,S. intersepta,27.87429,-93.82033,77,23.5,Shallow
SGM178,SGM201,SGM178,NWGOM,EFGB,EBMeso1,7/31/21,S. intersepta,27.91102,-93.59668,154,46.9,Mesophotic
SGM179,SGM203,SGM179,NWGOM,EFGB,EBMeso1,7/31/21,S. intersepta,27.91102,-93.59668,152,46.3,Mesophotic
SGM180,SGM204,SGM180,NWGOM,EFGB,EBMeso1,7/31/21,S. intersepta,27.91102,-93.59668,160,48.8,Mesophotic
SGM181,SGB002,SGM181,NWGOM,Geyer,GBMeso1,5/16/23,S. intersepta,27.84753,-93.06443,154,46.9,Mesophotic
SGM182,SGB004,SGM182,NWGOM,Geyer,GBMeso1,5/16/23,S. intersepta,27.84753,-93.06443,146,44.5,Mesophotic
SGM183,SGB005,SGM183,NWGOM,Geyer,GBMeso1,5/16/23,S. intersepta,27.84753,-93.06443,147,44.8,Mesophotic
SGM184,SGB006,SGM184,NWGOM,Geyer,GBMeso1,5/16/23,S. intersepta,27.84753,-93.06443,149,45.4,Mesophotic
SGM185,SGB007,SGM185,NWGOM,Geyer,GBMeso1,5/16/23,S. intersepta,27.84753,-93.06443,152,46.3,Mesophotic
SGM186.1,SGB008,SGM186,NWGOM,Geyer,GBMeso1,5/16/23,S. intersepta,27.84753,-93.06443,151,46,Mesophotic
SGM186.2,SGB008.2,SGM186,NWGOM,Geyer,GBMeso1,5/16/23,S. intersepta,27.84753,-93.06443,151,46,Mesophotic
SGM186.3,SGB008.3,SGM186,NWGOM,Geyer,GBMeso1,5/16/23,S. intersepta,27.84753,-93.06443,151,46,Mesophotic
SGM187,SGB009,SGM187,NWGOM,Geyer,GBMeso1,5/16/23,S. intersepta,27.84753,-93.06443,151,46,Mesophotic
SGM188,SGB010,SGM188,NWGOM,Geyer,GBMeso1,5/16/23,S. intersepta,27.84753,-93.06443,150,45.7,Mesophotic
SGM189,SGB011,SGM189,NWGOM,Geyer,GBMeso1,5/16/23,S. intersepta,27.84753,-93.06443,168,51.2,Mesophotic
SGM190,SGB012,SGM190,NWGOM,Geyer,GBMeso1,5/16/23,S. intersepta,27.84753,-93.06443,171,52.1,Mesophotic
SGM191,SGB013,SGM191,NWGOM,Geyer,GBMeso1,5/16/23,S. intersepta,27.84753,-93.06443,170,51.8,Mesophotic
SGM192,SGB015,SGM192,NWGOM,Geyer,GBMeso1,5/17/23,S. intersepta,27.84753,-93.06443,152,46.3,Mesophotic
SGM193,SGB016,SGM193,NWGOM,Geyer,GBMeso1,5/17/23,S. intersepta,27.84753,-93.06443,147,44.8,Mesophotic
SGM194,SGB017,SGM194,NWGOM,Geyer,GBMeso1,5/17/23,S. intersepta,27.84753,-93.06443,153,46.6,Mesophotic
SGM195,SGB018,SGM195,NWGOM,Geyer,GBMeso1,5/17/23,S. intersepta,27.84753,-93.06443,153,46.6,Mesophotic
SGM196,SGB019,SGM196,NWGOM,Geyer,GBMeso1,5/17/23,S. intersepta,27.84753,-93.06443,152,46.3,Mesophotic
SGM197.1,SGB020,SGM197,NWGOM,Geyer,GBMeso1,5/17/23,S. intersepta,27.84753,-93.06443,154,46.9,Mesophotic
SGM197.2,SGB020.2,SGM197,NWGOM,Geyer,GBMeso1,5/17/23,S. intersepta,27.84753,-93.06443,154,46.9,Mesophotic
SGM197.3,SGB020.3,SGM197,NWGOM,Geyer,GBMeso1,5/17/23,S. intersepta,27.84753,-93.06443,154,46.9,Mesophotic
SGM198,SGB021,SGM198,NWGOM,Geyer,GBMeso1,5/17/23,S. intersepta,27.84753,-93.06443,159,48.5,Mesophotic
SGM199,SGB022,SGM199,NWGOM,Geyer,GBMeso1,5/17/23,S. intersepta,27.84753,-93.06443,151,46,Mesophotic
SGM200,SGB023,SGM200,NWGOM,Geyer,GBMeso1,5/17/23,S. intersepta,27.84753,-93.06443,147,44.8,Mesophotic
SGM201,SGB024,SGM201,NWGOM,Geyer,GBMeso1,5/17/23,S. intersepta,27.84753,-93.06443,158,48.2,Mesophotic
SGM202,SGB025,SGM202,NWGOM,Geyer,GBMeso1,5/17/23,S. intersepta,27.84753,-93.06443,159,48.5,Mesophotic
SGM203,SGB026,SGM203,NWGOM,Geyer,GBMeso1,5/17/23,S. intersepta,27.84753,-93.06443,152,46.3,Mesophotic
SGM204,SGB027,SGM204,NWGOM,Geyer,GBMeso1,5/17/23,S. intersepta,27.84753,-93.06443,151,46,Mesophotic
SGM205,SGB028,SGM205,NWGOM,Geyer,GBMeso1,5/17/23,S. intersepta,27.84753,-93.06443,145,44.2,Mesophotic
SGM206.1,SGB029,SGM206,NWGOM,Geyer,GBMeso1,5/17/23,S. intersepta,27.84753,-93.06443,141,43,Mesophotic
SGM206.2,SGB029.2,SGM206,NWGOM,Geyer,GBMeso1,5/17/23,S. intersepta,27.84753,-93.06443,141,43,Mesophotic
SGM206.3,SGB029.3,SGM206,NWGOM,Geyer,GBMeso1,5/17/23,S. intersepta,27.84753,-93.06443,141,43,Mesophotic
SGM207,SGB030,SGM207,NWGOM,Geyer,GBMeso1,5/17/23,S. intersepta,27.84753,-93.06443,137,41.8,Mesophotic
SGM208,SGB031,SGM208,NWGOM,Geyer,GBMeso1,5/17/23,S. intersepta,27.84753,-93.06443,153,46.6,Mesophotic
SGM209,SGB032,SGM209,NWGOM,Geyer,GBMeso1,5/17/23,S. intersepta,27.84753,-93.06443,146,44.5,Mesophotic
SGM210,SGB033,SGM210,NWGOM,Geyer,GBMeso1,5/17/23,S. intersepta,27.84753,-93.06443,142,43.3,Mesophotic
XGM001,XGM001,XGM001,NWGOM,WFGB,WBShal1,7/9/18,X. muta,27.87429,-93.82033,74,22.6,Shallow
XGM002,XGM002,XGM002,NWGOM,WFGB,WBShal1,7/9/18,X. muta,27.87429,-93.82033,76,23.2,Shallow
XGM003,XGM003,XGM003,NWGOM,WFGB,WBShal1,7/9/18,X. muta,27.87429,-93.82033,76,23.2,Shallow
XGM004,XGM005,XGM004,NWGOM,WFGB,WBShal1,7/9/18,X. muta,27.87429,-93.82033,74,22.6,Shallow
XGM005,XGM006,XGM005,NWGOM,WFGB,WBShal1,7/9/18,X. muta,27.87429,-93.82033,72,21.9,Shallow
XGM006,XGM007,XGM006,NWGOM,WFGB,WBShal1,7/9/18,X. muta,27.87429,-93.82033,73,22.3,Shallow
XGM007,XGM008,XGM007,NWGOM,WFGB,WBShal1,7/9/18,X. muta,27.87429,-93.82033,71,21.6,Shallow
XGM008,XGM009,XGM008,NWGOM,WFGB,WBShal1,7/9/18,X. muta,27.87429,-93.82033,74,22.6,Shallow
XGM009,XGM010,XGM009,NWGOM,WFGB,WBShal1,7/9/18,X. muta,27.87429,-93.82033,74,22.6,Shallow
XGM010,XGM011,XGM010,NWGOM,EFGB,EBShal1,7/10/18,X. muta,27.9114,-93.59821,67,20.4,Shallow
XGM011,XGM014,XGM011,NWGOM,EFGB,EBShal1,7/10/18,X. muta,27.9114,-93.59821,75,22.9,Shallow
XGM012,XGM015,XGM012,NWGOM,EFGB,EBShal1,7/10/18,X. muta,27.9114,-93.59821,70,21.3,Shallow
XGM013,XGM016,XGM013,NWGOM,EFGB,EBShal1,7/10/18,X. muta,27.9114,-93.59821,79,24.1,Shallow
XGM014,XGM017,XGM014,NWGOM,EFGB,EBMeso1,7/10/18,X. muta,27.91102,-93.59668,159,48.5,Mesophotic
XGM015,XGM018,XGM015,NWGOM,EFGB,EBMeso1,7/10/18,X. muta,27.91102,-93.59668,156,47.5,Mesophotic
XGM016,XGM019,XGM016,NWGOM,EFGB,EBMeso1,7/10/18,X. muta,27.91102,-93.59668,144,43.9,Mesophotic
XGM017,XGM020,XGM017,NWGOM,EFGB,EBMeso1,7/10/18,X. muta,27.91102,-93.59668,148,45.1,Mesophotic
XGM018,XGM021,XGM018,NWGOM,EFGB,EBMeso1,7/10/18,X. muta,27.91102,-93.59668,142,43.3,Mesophotic
XGM019,XGM022,XGM019,NWGOM,EFGB,EBMeso1,7/10/18,X. muta,27.91102,-93.59668,141,43,Mesophotic
XGM020,XGM023,XGM020,NWGOM,EFGB,EBMeso1,7/10/18,X. muta,27.91102,-93.59668,140,42.7,Mesophotic
XGM021,XGM024,XGM021,NWGOM,EFGB,EBMeso1,7/10/18,X. muta,27.91102,-93.59668,146,44.5,Mesophotic
XGM022,XGM025,XGM022,NWGOM,EFGB,EBShal1,7/10/18,X. muta,27.9114,-93.59821,66,20.1,Shallow
XGM023,XGM026,XGM023,NWGOM,EFGB,EBShal1,7/10/18,X. muta,27.9114,-93.59821,69,21,Shallow
XGM024,XGM027,XGM024,NWGOM,EFGB,EBShal1,7/10/18,X. muta,27.9114,-93.59821,69,21,Shallow
XGM025,XGM028,XGM025,NWGOM,EFGB,EBShal1,7/10/18,X. muta,27.9114,-93.59821,86,26.2,Shallow
XGM026,XGM029,XGM026,NWGOM,EFGB,EBShal1,7/10/18,X. muta,27.9114,-93.59821,86,26.2,Shallow
XGM027,XGM030,XGM027,NWGOM,EFGB,EBShal1,7/10/18,X. muta,27.9114,-93.59821,75,22.9,Shallow
XGM028,XGM031,XGM028,NWGOM,EFGB,EBShal1,7/10/18,X. muta,27.9114,-93.59821,86,26.2,Shallow
XGM029,XGM032,XGM029,NWGOM,EFGB,EBShal1,7/10/18,X. muta,27.9114,-93.59821,86,26.2,Shallow
XGM030,XGM033,XGM030,NWGOM,EFGB,EBShal1,7/10/18,X. muta,27.9114,-93.59821,83,25.3,Shallow
XGM031,XGM034,XGM031,NWGOM,EFGB,EBShal1,7/10/18,X. muta,27.9114,-93.59821,85,25.9,Shallow
XGM032,XGM035,XGM032,NWGOM,EFGB,EBShal1,7/10/18,X. muta,27.9114,-93.59821,71,21.6,Shallow
XGM033,XGM036,XGM033,NWGOM,EFGB,EBShal1,7/10/18,X. muta,27.9114,-93.59821,74,22.6,Shallow
XGM034.1,XGM037,XGM034,NWGOM,EFGB,EBShal1,7/10/18,X. muta,27.9114,-93.59821,74,22.6,Shallow
XGM034.2,XGM037.2,XGM034,NWGOM,EFGB,EBShal1,7/10/18,X. muta,27.9114,-93.59821,74,22.6,Shallow
XGM034.3,XGM037.3,XGM034,NWGOM,EFGB,EBShal1,7/10/18,X. muta,27.9114,-93.59821,74,22.6,Shallow
XGM035,XGM038,XGM035,NWGOM,EFGB,EBShal1,7/10/18,X. muta,27.9114,-93.59821,78,23.8,Shallow
XGM036,XGM039,XGM036,NWGOM,EFGB,EBShal1,7/10/18,X. muta,27.9114,-93.59821,76,23.2,Shallow
XGM037,XGM040,XGM037,NWGOM,EFGB,EBShal1,7/10/18,X. muta,27.9114,-93.59821,76,23.2,Shallow
XGM038,XGM041,XGM038,NWGOM,EFGB,EBShal1,7/10/18,X. muta,27.9114,-93.59821,77,23.5,Shallow
XGM039,XGM043,XGM039,NWGOM,EFGB,EBShal1,7/10/18,X. muta,27.9114,-93.59821,73,22.3,Shallow
XGM040,XGM044,XGM040,NWGOM,EFGB,EBShal1,7/10/18,X. muta,27.9114,-93.59821,72,21.9,Shallow
XGM041,XGM045,XGM041,NWGOM,EFGB,EBShal1,7/10/18,X. muta,27.9114,-93.59821,71,21.6,Shallow
XGM042,XGM046,XGM042,NWGOM,EFGB,EBShal1,7/10/18,X. muta,27.9114,-93.59821,75,22.9,Shallow
XGM043,XGM047,XGM043,NWGOM,EFGB,EBShal1,7/10/18,X. muta,27.9114,-93.59821,75,22.9,Shallow
XGM044,XGM048,XGM044,NWGOM,McGrail,MBMeso2,7/11/18,X. muta,27.963,-92.59352,158,48.2,Mesophotic
XGM045,XGM050,XGM045,NWGOM,McGrail,MBMeso2,7/11/18,X. muta,27.963,-92.59352,158,48.2,Mesophotic
XGM046,XGM051,XGM046,NWGOM,McGrail,MBMeso2,7/11/18,X. muta,27.963,-92.59352,158,48.2,Mesophotic
XGM047,XGM052,XGM047,NWGOM,McGrail,MBMeso2,7/11/18,X. muta,27.963,-92.59352,157,47.9,Mesophotic
XGM048,XGM053,XGM048,NWGOM,McGrail,MBMeso2,7/11/18,X. muta,27.963,-92.59352,157,47.9,Mesophotic
XGM049,XGM055,XGM049,NWGOM,McGrail,MBMeso2,7/11/18,X. muta,27.963,-92.59352,158,48.2,Mesophotic
XGM050,XGM056,XGM050,NWGOM,McGrail,MBMeso2,7/11/18,X. muta,27.963,-92.59352,157,47.9,Mesophotic
XGM051,XGM057,XGM051,NWGOM,McGrail,MBMeso2,7/11/18,X. muta,27.963,-92.59352,157,47.9,Mesophotic
XGM052,XGM058,XGM052,NWGOM,McGrail,MBMeso3,7/11/18,X. muta,27.96299,-92.59262,157,47.9,Mesophotic
XGM053,XGM059,XGM053,NWGOM,McGrail,MBMeso3,7/11/18,X. muta,27.96299,-92.59262,157,47.9,Mesophotic
XGM054,XGM060,XGM054,NWGOM,McGrail,MBMeso3,7/11/18,X. muta,27.96299,-92.59262,158,48.2,Mesophotic
XGM055,XGM061,XGM055,NWGOM,McGrail,MBMeso3,7/11/18,X. muta,27.96299,-92.59262,158,48.2,Mesophotic
XGM056,XGM062,XGM056,NWGOM,McGrail,MBMeso3,7/11/18,X. muta,27.96299,-92.59262,156,47.5,Mesophotic
XGM057,XGM063,XGM057,NWGOM,McGrail,MBMeso3,7/11/18,X. muta,27.96299,-92.59262,157,47.9,Mesophotic
XGM058,XGM064,XGM058,NWGOM,McGrail,MBMeso3,7/11/18,X. muta,27.96299,-92.59262,157,47.9,Mesophotic
XGM059,XGM065,XGM059,NWGOM,McGrail,MBMeso3,7/11/18,X. muta,27.96299,-92.59262,156,47.5,Mesophotic
XGM060,XGM067,XGM060,NWGOM,McGrail,MBMeso3,7/11/18,X. muta,27.96299,-92.59262,162,49.4,Mesophotic
XGM061,XGM068,XGM061,NWGOM,McGrail,MBMeso3,7/11/18,X. muta,27.96299,-92.59262,162,49.4,Mesophotic
XGM062,XGM069,XGM062,NWGOM,McGrail,MBMeso3,7/11/18,X. muta,27.96299,-92.59262,160,48.8,Mesophotic
XGM063,XGM070,XGM063,NWGOM,McGrail,MBMeso3,7/11/18,X. muta,27.96299,-92.59262,159,48.5,Mesophotic
XGM064,XGM071,XGM064,NWGOM,McGrail,MBMeso3,7/11/18,X. muta,27.96299,-92.59262,159,48.5,Mesophotic
XGM065,XGM072,XGM065,NWGOM,McGrail,MBMeso3,7/11/18,X. muta,27.96299,-92.59262,157,47.9,Mesophotic
XGM066,XGM073,XGM066,NWGOM,McGrail,MBMeso3,7/11/18,X. muta,27.96299,-92.59262,157,47.9,Mesophotic
XGM067,XGM074,XGM067,NWGOM,McGrail,MBMeso3,7/11/18,X. muta,27.96299,-92.59262,156,47.5,Mesophotic
XGM068,XGM075,XGM068,NWGOM,McGrail,MBMeso3,7/11/18,X. muta,27.96299,-92.59262,156,47.5,Mesophotic
XGM069,XGM076,XGM069,NWGOM,McGrail,MBMeso3,7/11/18,X. muta,27.96299,-92.59262,158,48.2,Mesophotic
XGM070,XGM077,XGM070,NWGOM,McGrail,MBMeso3,7/11/18,X. muta,27.96299,-92.59262,158,48.2,Mesophotic
XGM071,XGM078,XGM071,NWGOM,McGrail,MBMeso3,7/11/18,X. muta,27.96299,-92.59262,152,46.3,Mesophotic
XGM072.1,XGM079,XGM072,NWGOM,McGrail,MBMeso3,7/11/18,X. muta,27.96299,-92.59262,158,48.2,Mesophotic
XGM072.2,XGM079.2,XGM072,NWGOM,McGrail,MBMeso3,7/11/18,X. muta,27.96299,-92.59262,158,48.2,Mesophotic
XGM072.3,XGM079.3,XGM072,NWGOM,McGrail,MBMeso3,7/11/18,X. muta,27.96299,-92.59262,158,48.2,Mesophotic
XGM073,XGM080,XGM073,NWGOM,McGrail,MBMeso3,7/11/18,X. muta,27.96299,-92.59262,157,47.9,Mesophotic
XGM074,XGM082,XGM074,NWGOM,Bright,BBMeso1,7/12/18,X. muta,27.89489,-93.30522,157,47.9,Mesophotic
XGM075,XGM083,XGM075,NWGOM,Bright,BBMeso1,7/12/18,X. muta,27.89489,-93.30522,159,48.5,Mesophotic
XGM076,XGM084,XGM076,NWGOM,Bright,BBMeso1,7/12/18,X. muta,27.89489,-93.30522,158,48.2,Mesophotic
XGM077,XGM085,XGM077,NWGOM,Bright,BBMeso1,7/12/18,X. muta,27.89489,-93.30522,160,48.8,Mesophotic
XGM078,XGM086,XGM078,NWGOM,Bright,BBMeso1,7/12/18,X. muta,27.89489,-93.30522,160,48.8,Mesophotic
XGM079,XGM087,XGM079,NWGOM,Bright,BBMeso1,7/12/18,X. muta,27.89489,-93.30522,157,47.9,Mesophotic
XGM080,XGM088,XGM080,NWGOM,Bright,BBMeso1,7/12/18,X. muta,27.89489,-93.30522,158,48.2,Mesophotic
XGM081,XGM089,XGM081,NWGOM,Bright,BBMeso1,7/12/18,X. muta,27.89489,-93.30522,158,48.2,Mesophotic
XGM082,XGM090,XGM082,NWGOM,Bright,BBMeso1,7/12/18,X. muta,27.89489,-93.30522,157,47.9,Mesophotic
XGM083,XGM091,XGM083,NWGOM,Bright,BBMeso1,7/12/18,X. muta,27.89489,-93.30522,157,47.9,Mesophotic
XGM084,XGM092,XGM084,NWGOM,Bright,BBMeso1,7/12/18,X. muta,27.89489,-93.30522,157,47.9,Mesophotic
XGM085,XGM093,XGM085,NWGOM,Bright,BBMeso1,7/12/18,X. muta,27.89489,-93.30522,158,48.2,Mesophotic
XGM086,XGM094,XGM086,NWGOM,Bright,BBMeso1,7/12/18,X. muta,27.89489,-93.30522,157,47.9,Mesophotic
XGM087,XGM095,XGM087,NWGOM,Bright,BBMeso1,7/12/18,X. muta,27.89489,-93.30522,157,47.9,Mesophotic
XGM088,XGM096,XGM088,NWGOM,Bright,BBMeso1,7/12/18,X. muta,27.89489,-93.30522,157,47.9,Mesophotic
XGM089,XGM097,XGM089,NWGOM,Bright,BBMeso1,7/12/18,X. muta,27.89489,-93.30522,157,47.9,Mesophotic
XGM090,XGM098,XGM090,NWGOM,Bright,BBMeso1,7/12/18,X. muta,27.89489,-93.30522,157,47.9,Mesophotic
XGM091,XGM099,XGM091,NWGOM,Bright,BBMeso1,7/12/18,X. muta,27.89489,-93.30522,157,47.9,Mesophotic
XGM092,XGM100,XGM092,NWGOM,Bright,BBMeso1,7/12/18,X. muta,27.89489,-93.30522,157,47.9,Mesophotic
XGM093,XGM101,XGM093,NWGOM,Bright,BBMeso1,7/12/18,X. muta,27.89489,-93.30522,156,47.5,Mesophotic
XGM094,XGM102,XGM094,NWGOM,Bright,BBMeso1,7/12/18,X. muta,27.89489,-93.30522,156,47.5,Mesophotic
XGM095,XGM103,XGM095,NWGOM,Bright,BBMeso1,7/12/18,X. muta,27.89489,-93.30522,155,47.2,Mesophotic
XGM096,XGM104,XGM096,NWGOM,Bright,BBMeso1,7/12/18,X. muta,27.89489,-93.30522,156,47.5,Mesophotic
XGM097,XGM105,XGM097,NWGOM,Bright,BBMeso1,7/12/18,X. muta,27.89489,-93.30522,153,46.6,Mesophotic
XGM098,XGM106,XGM098,NWGOM,Bright,BBMeso1,7/12/18,X. muta,27.89489,-93.30522,158,48.2,Mesophotic
XGM099,XGM107,XGM099,NWGOM,Bright,BBMeso1,7/12/18,X. muta,27.89489,-93.30522,157,47.9,Mesophotic
XGM100,XGM109,XGM100,NWGOM,WFGB,WBMeso1,7/13/18,X. muta,27.8751,-93.82035,145,44.2,Mesophotic
XGM101,XGM110,XGM101,NWGOM,WFGB,WBMeso1,7/13/18,X. muta,27.8751,-93.82035,138,42.1,Mesophotic
XGM102,XGM111,XGM102,NWGOM,WFGB,WBMeso1,7/13/18,X. muta,27.8751,-93.82035,139,42.4,Mesophotic
XGM103,XGM112,XGM103,NWGOM,WFGB,WBMeso1,7/13/18,X. muta,27.8751,-93.82035,137,41.8,Mesophotic
XGM104,XGM113,XGM104,NWGOM,WFGB,WBMeso1,7/13/18,X. muta,27.8751,-93.82035,147,44.8,Mesophotic
XGM105,XGM114,XGM105,NWGOM,WFGB,WBMeso1,7/13/18,X. muta,27.8751,-93.82035,147,44.8,Mesophotic
XGM106,XGM115,XGM106,NWGOM,WFGB,WBMeso1,7/13/18,X. muta,27.8751,-93.82035,148,45.1,Mesophotic
XGM107,XGM116,XGM107,NWGOM,WFGB,WBMeso1,7/13/18,X. muta,27.8751,-93.82035,149,45.4,Mesophotic
XGM108,XGM117,XGM108,NWGOM,WFGB,WBMeso1,7/13/18,X. muta,27.8751,-93.82035,147,44.8,Mesophotic
XGM109,XGM118,XGM109,NWGOM,WFGB,WBMeso1,7/13/18,X. muta,27.8751,-93.82035,146,44.5,Mesophotic
XGM110,XGM119,XGM110,NWGOM,WFGB,WBMeso1,7/13/18,X. muta,27.8751,-93.82035,145,44.2,Mesophotic
XGM111,XGM120,XGM111,NWGOM,EFGB,EBMeso1,7/31/21,X. muta,27.91102,-93.59668,154,46.9,Mesophotic
XGM112,XGM122,XGM112,NWGOM,EFGB,EBMeso1,7/31/21,X. muta,27.91102,-93.59668,152,46.3,Mesophotic
XGM113,XGM123,XGM113,NWGOM,EFGB,EBMeso1,7/31/21,X. muta,27.91102,-93.59668,152,46.3,Mesophotic
XGM114,XGM124,XGM114,NWGOM,EFGB,EBShal1,7/31/21,X. muta,27.9114,-93.59821,68,20.7,Shallow
XGM115,XGM125,XGM115,NWGOM,EFGB,EBShal1,7/31/21,X. muta,27.9114,-93.59821,68,20.7,Shallow
XGM116,XGM127,XGM116,NWGOM,EFGB,EBMeso1,7/31/21,X. muta,27.91102,-93.59668,155,47.2,Mesophotic
XGM117,XGM128,XGM117,NWGOM,EFGB,EBMeso1,7/31/21,X. muta,27.91102,-93.59668,157,47.9,Mesophotic
XGM118,XGM129,XGM118,NWGOM,EFGB,EBMeso1,7/31/21,X. muta,27.91102,-93.59668,145,44.2,Mesophotic
XGM119,XGM131,XGM119,NWGOM,EFGB,EBShal1,7/31/21,X. muta,27.9114,-93.59821,69,21,Shallow
XGM120,XGM132,XGM120,NWGOM,EFGB,EBShal1,7/31/21,X. muta,27.9114,-93.59821,64,19.5,Shallow
XGM121,XGM133,XGM121,NWGOM,EFGB,EBMeso1,8/1/21,X. muta,27.91102,-93.59668,161,49.1,Mesophotic
XGM122,XGM134,XGM122,NWGOM,EFGB,EBMeso1,8/1/21,X. muta,27.91102,-93.59668,158,48.2,Mesophotic
XGM123,XGM135,XGM123,NWGOM,EFGB,EBMeso1,8/1/21,X. muta,27.91102,-93.59668,151,46,Mesophotic
XGM124,XGM136,XGM124,NWGOM,EFGB,EBMeso1,8/1/21,X. muta,27.91102,-93.59668,157,47.9,Mesophotic
XGM125,XGM139,XGM125,NWGOM,EFGB,EBMeso1,8/1/21,X. muta,27.91102,-93.59668,150,45.7,Mesophotic
XGM126,XGM140,XGM126,NWGOM,EFGB,EBMeso1,8/1/21,X. muta,27.91102,-93.59668,149,45.4,Mesophotic
XGM127,XGM141,XGM127,NWGOM,EFGB,EBMeso1,8/1/21,X. muta,27.91102,-93.59668,158,48.2,Mesophotic
XGM128,XGM142,XGM128,NWGOM,EFGB,EBMeso1,8/1/21,X. muta,27.91102,-93.59668,151,46,Mesophotic
XGM129,XGM143,XGM129,NWGOM,EFGB,EBMeso1,8/1/21,X. muta,27.91102,-93.59668,157,47.9,Mesophotic
XGM130,XGM144,XGM130,NWGOM,EFGB,EBMeso1,8/1/21,X. muta,27.91102,-93.59668,156,47.5,Mesophotic
XGM131,XGM145,XGM131,NWGOM,EFGB,EBMeso1,8/1/21,X. muta,27.91102,-93.59668,153,46.6,Mesophotic
XGM132,XGM146,XGM132,NWGOM,EFGB,EBMeso1,8/1/21,X. muta,27.91102,-93.59668,157,47.9,Mesophotic
XGM133,XGM147,XGM133,NWGOM,EFGB,EBMeso1,8/1/21,X. muta,27.91102,-93.59668,152,46.3,Mesophotic
XGM134,XGM148,XGM134,NWGOM,EFGB,EBMeso1,8/1/21,X. muta,27.91102,-93.59668,154,46.9,Mesophotic
XGM135,XGM150,XGM135,NWGOM,EFGB,EBMeso1,8/1/21,X. muta,27.91102,-93.59668,154,46.9,Mesophotic
XGM136,XGM151,XGM136,NWGOM,EFGB,EBMeso1,8/1/21,X. muta,27.91102,-93.59668,150,45.7,Mesophotic
XGM137,XGM152,XGM137,NWGOM,WFGB,WBMeso1,8/2/21,X. muta,27.8751,-93.82035,148,45.1,Mesophotic
XGM138,XGM153,XGM138,NWGOM,WFGB,WBMeso1,8/2/21,X. muta,27.8751,-93.82035,148,45.1,Mesophotic
XGM139,XGM156,XGM139,NWGOM,WFGB,WBMeso1,8/2/21,X. muta,27.8751,-93.82035,149,45.4,Mesophotic
XGM140,XGM157,XGM140,NWGOM,WFGB,WBMeso1,8/2/21,X. muta,27.8751,-93.82035,148,45.1,Mesophotic
XGM141,XGM158,XGM141,NWGOM,WFGB,WBMeso1,8/2/21,X. muta,27.8751,-93.82035,146,44.5,Mesophotic
XGM142,XGM159,XGM142,NWGOM,WFGB,WBMeso1,8/2/21,X. muta,27.8751,-93.82035,143,43.6,Mesophotic
XGM143,XGM160,XGM143,NWGOM,WFGB,WBMeso1,8/2/21,X. muta,27.8751,-93.82035,141,43,Mesophotic
XGM144,XGM161,XGM144,NWGOM,WFGB,WBMeso1,8/2/21,X. muta,27.8751,-93.82035,149,45.4,Mesophotic
XGM145,XGM162,XGM145,NWGOM,WFGB,WBMeso1,8/2/21,X. muta,27.8751,-93.82035,150,45.7,Mesophotic
XGM146,XGM164,XGM146,NWGOM,WFGB,WBMeso1,8/2/21,X. muta,27.8751,-93.82035,152,46.3,Mesophotic
XGM147,XGM168,XGM147,NWGOM,WFGB,WBMeso1,8/2/21,X. muta,27.8751,-93.82035,149,45.4,Mesophotic
XGM148,XGM169,XGM148,NWGOM,WFGB,WBMeso1,8/2/21,X. muta,27.8751,-93.82035,145,44.2,Mesophotic
XGM149,XGM170,XGM149,NWGOM,WFGB,WBShal1,8/2/21,X. muta,27.87429,-93.82033,75,22.9,Shallow
XGM150,XGM171,XGM150,NWGOM,WFGB,WBShal1,8/2/21,X. muta,27.87429,-93.82033,77,23.5,Shallow
XGM151,XGM172,XGM151,NWGOM,WFGB,WBShal1,8/2/21,X. muta,27.87429,-93.82033,76,23.2,Shallow
XGM152,XGM173,XGM152,NWGOM,WFGB,WBShal1,8/2/21,X. muta,27.87429,-93.82033,80,24.4,Shallow
XGM153,XGM174,XGM153,NWGOM,WFGB,WBShal1,8/2/21,X. muta,27.87429,-93.82033,76,23.2,Shallow
XGM154,XGM175,XGM154,NWGOM,WFGB,WBShal1,8/2/21,X. muta,27.87429,-93.82033,76,23.2,Shallow
XGM155,XGM179,XGM155,NWGOM,WFGB,WBShal1,8/2/21,X. muta,27.87429,-93.82033,77,23.5,Shallow
XGM156,XGM181,XGM156,NWGOM,WFGB,WBMeso1,8/2/21,X. muta,27.8751,-93.82035,136,41.5,Mesophotic
XGM157,XGM182,XGM157,NWGOM,WFGB,WBMeso1,8/2/21,X. muta,27.8751,-93.82035,133,40.5,Mesophotic
XGM158.1,XGM183,XGM158,NWGOM,WFGB,WBMeso1,8/2/21,X. muta,27.8751,-93.82035,139,42.4,Mesophotic
XGM158.2,XGM183.2,XGM158,NWGOM,WFGB,WBMeso1,8/2/21,X. muta,27.8751,-93.82035,139,42.4,Mesophotic
XGM158.3,XGM183.3,XGM158,NWGOM,WFGB,WBMeso1,8/2/21,X. muta,27.8751,-93.82035,139,42.4,Mesophotic
XGM159,XGM184,XGM159,NWGOM,WFGB,WBMeso1,8/2/21,X. muta,27.8751,-93.82035,140,42.7,Mesophotic
XGM160,XGM185,XGM160,NWGOM,WFGB,WBMeso1,8/2/21,X. muta,27.8751,-93.82035,141,43,Mesophotic
XGM161,XGM186,XGM161,NWGOM,WFGB,WBMeso1,8/2/21,X. muta,27.8751,-93.82035,146,44.5,Mesophotic
XGM162,XGM187,XGM162,NWGOM,WFGB,WBMeso1,8/2/21,X. muta,27.8751,-93.82035,142,43.3,Mesophotic
XGM163,XGM188,XGM163,NWGOM,WFGB,WBShal1,8/2/21,X. muta,27.87429,-93.82033,76,23.2,Shallow
XGM164,XGM189,XGM164,NWGOM,WFGB,WBShal1,8/2/21,X. muta,27.87429,-93.82033,72,21.9,Shallow
XGM165,XGM190,XGM165,NWGOM,WFGB,WBShal1,8/2/21,X. muta,27.87429,-93.82033,76,23.2,Shallow
XGM166,XGM191,XGM166,NWGOM,WFGB,WBShal1,8/2/21,X. muta,27.87429,-93.82033,78,23.8,Shallow
XGM167,XGM192,XGM167,NWGOM,WFGB,WBShal1,8/2/21,X. muta,27.87429,-93.82033,76,23.2,Shallow
XGM168,XGM193,XGM168,NWGOM,WFGB,WBShal1,8/2/21,X. muta,27.87429,-93.82033,75,22.9,Shallow
XGM169,XGM194,XGM169,NWGOM,WFGB,WBShal1,8/2/21,X. muta,27.87429,-93.82033,73,22.3,Shallow
XGM170,XGM195,XGM170,NWGOM,WFGB,WBShal1,8/2/21,X. muta,27.87429,-93.82033,71,21.6,Shallow
XGM171,XGM196,XGM171,NWGOM,WFGB,WBShal1,8/3/21,X. muta,27.87429,-93.82033,74,22.6,Shallow
XGM172,XGM197,XGM172,NWGOM,WFGB,WBShal1,8/3/21,X. muta,27.87429,-93.82033,74,22.6,Shallow
XGM173,XGM198,XGM173,NWGOM,WFGB,WBShal1,8/3/21,X. muta,27.87429,-93.82033,74,22.6,Shallow
XGM174,XGM199,XGM174,NWGOM,WFGB,WBShal1,8/3/21,X. muta,27.87429,-93.82033,76,23.2,Shallow
XGM175,XGM200,XGM175,NWGOM,WFGB,WBShal1,8/3/21,X. muta,27.87429,-93.82033,74,22.6,Shallow
XGM176,XGM202,XGM176,NWGOM,WFGB,WBShal1,8/3/21,X. muta,27.87429,-93.82033,77,23.5,Shallow
XGM177,XGB001,XGM177,NWGOM,Geyer,GBMeso1,5/16/23,X. muta,27.84753,-93.06443,140,42.7,Mesophotic
XGM178,XGB002,XGM178,NWGOM,Geyer,GBMeso1,5/16/23,X. muta,27.84753,-93.06443,146,44.5,Mesophotic
XGM179.1,XGB003,XGM179,NWGOM,Geyer,GBMeso1,5/16/23,X. muta,27.84753,-93.06443,155,47.2,Mesophotic
XGM179.2,XGB003.2,XGM179,NWGOM,Geyer,GBMeso1,5/16/23,X. muta,27.84753,-93.06443,155,47.2,Mesophotic
XGM179.3,XGB003.3,XGM179,NWGOM,Geyer,GBMeso1,5/16/23,X. muta,27.84753,-93.06443,155,47.2,Mesophotic
XGM180,XGB004,XGM180,NWGOM,Geyer,GBMeso1,5/16/23,X. muta,27.84753,-93.06443,151,46,Mesophotic
XGM181,XGB005,XGM181,NWGOM,Geyer,GBMeso1,5/16/23,X. muta,27.84753,-93.06443,153,46.6,Mesophotic
XGM182,XGB006,XGM182,NWGOM,Geyer,GBMeso1,5/16/23,X. muta,27.84753,-93.06443,153,46.6,Mesophotic
XGM183,XGB007,XGM183,NWGOM,Geyer,GBMeso1,5/16/23,X. muta,27.84753,-93.06443,151,46,Mesophotic
XGM184,XGB008,XGM184,NWGOM,Geyer,GBMeso1,5/16/23,X. muta,27.84753,-93.06443,146,44.5,Mesophotic
XGM185,XGB009,XGM185,NWGOM,Geyer,GBMeso1,5/16/23,X. muta,27.84753,-93.06443,148,45.1,Mesophotic
XGM186,XGB010,XGM186,NWGOM,Geyer,GBMeso1,5/16/23,X. muta,27.84753,-93.06443,150,45.7,Mesophotic
XGM187,XGB011,XGM187,NWGOM,Geyer,GBMeso1,5/16/23,X. muta,27.84753,-93.06443,149,45.4,Mesophotic
XGM188,XGB012,XGM188,NWGOM,Geyer,GBMeso1,5/16/23,X. muta,27.84753,-93.06443,146,44.5,Mesophotic
XGM189,XGB013,XGM189,NWGOM,Geyer,GBMeso1,5/16/23,X. muta,27.84753,-93.06443,149,45.4,Mesophotic
XGM190,XGB014,XGM190,NWGOM,Geyer,GBMeso1,5/16/23,X. muta,27.84753,-93.06443,151,46,Mesophotic
XGM191,XGB015,XGM191,NWGOM,Geyer,GBMeso1,5/16/23,X. muta,27.84753,-93.06443,151,46,Mesophotic
XGM192,XGB016,XGM192,NWGOM,Geyer,GBMeso1,5/16/23,X. muta,27.84753,-93.06443,168,51.2,Mesophotic
XGM193.1,XGB017,XGM193,NWGOM,Geyer,GBMeso1,5/16/23,X. muta,27.84753,-93.06443,170,51.8,Mesophotic
XGM193.2,XGB017.2,XGM193,NWGOM,Geyer,GBMeso1,5/16/23,X. muta,27.84753,-93.06443,170,51.8,Mesophotic
XGM193.3,XGB017.3,XGM193,NWGOM,Geyer,GBMeso1,5/16/23,X. muta,27.84753,-93.06443,170,51.8,Mesophotic
XGM194,XGB018,XGM194,NWGOM,Geyer,GBMeso1,5/16/23,X. muta,27.84753,-93.06443,175,53.3,Mesophotic
XGM195,XGB019,XGM195,NWGOM,Geyer,GBMeso1,5/16/23,X. muta,27.84753,-93.06443,174,53,Mesophotic
XGM196,XGB020,XGM196,NWGOM,Geyer,GBMeso1,5/16/23,X. muta,27.84753,-93.06443,175,53.3,Mesophotic
XGM197,XGB021,XGM197,NWGOM,Geyer,GBMeso1,5/16/23,X. muta,27.84753,-93.06443,174,53,Mesophotic
XGM198,XGB022,XGM198,NWGOM,Geyer,GBMeso1,5/16/23,X. muta,27.84753,-93.06443,167,50.9,Mesophotic
XGM199,XGB023,XGM199,NWGOM,Geyer,GBMeso1,5/17/23,X. muta,27.84753,-93.06443,153,46.6,Mesophotic
XGM200,XGB024,XGM200,NWGOM,Geyer,GBMeso1,5/17/23,X. muta,27.84753,-93.06443,154,46.9,Mesophotic
XGM201,XGB025,XGM201,NWGOM,Geyer,GBMeso1,5/17/23,X. muta,27.84753,-93.06443,155,47.2,Mesophotic
XGM202,XGB026,XGM202,NWGOM,Geyer,GBMeso1,5/17/23,X. muta,27.84753,-93.06443,154,46.9,Mesophotic
XGM203.1,XGB027,XGM203,NWGOM,Geyer,GBMeso1,5/17/23,X. muta,27.84753,-93.06443,160,48.8,Mesophotic
XGM203.2,XGB027.2,XGM203,NWGOM,Geyer,GBMeso1,5/17/23,X. muta,27.84753,-93.06443,160,48.8,Mesophotic
XGM203.3,XGB027.3,XGM203,NWGOM,Geyer,GBMeso1,5/17/23,X. muta,27.84753,-93.06443,160,48.8,Mesophotic
XGM204,XGB028,XGM204,NWGOM,Geyer,GBMeso1,5/17/23,X. muta,27.84753,-93.06443,161,49.1,Mesophotic
XGM205,XGB029,XGM205,NWGOM,Geyer,GBMeso1,5/17/23,X. muta,27.84753,-93.06443,160,48.8,Mesophotic
XGM206,XGB030,XGM206,NWGOM,Geyer,GBMeso1,5/17/23,X. muta,27.84753,-93.06443,164,50,Mesophotic